2.0,164.78,1.0
184.0,146.35,1.0
185.0,112.04,1.0
185.0,119.8,1.0
185.0,164.76,1.0
185.0,133.92,1.0
185.0,151.26,1.0
185.0,160.72,1.0
185.0,153.47,1.0
185.0,145.88,1.0
185.0,159.77,1.0
185.0,164.78,1.0
184.0,161.63,1.0
185.0,137.55,1.0
185.0,164.78,1.0
185.0,164.78,1.0
185.0,159.36,1.0
185.0,164.12,1.0
185.0,103.54,1.0
185.0,164.78,1.0
186.0,131.07,1.0
186.0,164.76,1.0
186.0,131.88,1.0
186.0,142.55,1.0
186.0,152.74,1.0
186.0,161.69,1.0
184.0,153.51,1.0
184.0,164.78,1.0
183.0,164.78,1.0
183.0,164.78,1.0
183.0,164.78,1.0
183.0,133.67,1.0
131.0,164.78,1.0
183.0,164.78,1.0
183.0,164.78,1.0
183.0,117.86,1.0
183.0,156.49,1.0
183.0,164.78,1.0
183.0,164.76,1.0
183.0,157.39,1.0
184.0,164.78,1.0
183.0,138.18,1.0
184.0,141.89,1.0
184.0,136.62,1.0
184.0,164.66,1.0
184.0,158.87,1.0
184.0,164.78,1.0
184.0,139.63,1.0
184.0,158.85,1.0
184.0,121.96,1.0
184.0,164.78,1.0
184.0,164.78,1.0
184.0,143.77,1.0
186.0,140.39,1.0
186.0,145.62,1.0
188.0,129.43,1.0
188.0,164.78,1.0
188.0,73.42,1.0
188.0,131.43,1.0
188.0,138.49,1.0
188.0,164.06,1.0
188.0,135.33,1.0
188.0,158.57,1.0
188.0,139.26,1.0
188.0,146.59,1.0
188.0,161.15,1.0
188.0,85.54,1.0
188.0,146.63,1.0
188.0,162.42,1.0
188.0,164.68,1.0
188.0,154.61,1.0
188.0,164.78,1.0
188.0,52.44,1.0
188.0,140.62,1.0
188.0,148.26,1.0
188.0,147.52,1.0
188.0,164.78,1.0
189.0,164.06,1.0
189.0,52.58,1.0
189.0,164.78,1.0
189.0,119.38,1.0
189.0,128.53,1.0
189.0,164.69,1.0
188.0,162.52,1.0
187.0,164.78,1.0
187.0,164.78,1.0
187.0,143.18,1.0
186.0,162.53,1.0
186.0,155.14,1.0
186.0,136.02,1.0
186.0,160.82,1.0
186.0,164.78,1.0
186.0,163.67,1.0
186.0,164.61,1.0
186.0,161.2,1.0
186.0,159.3,1.0
186.0,153.56,1.0
186.0,147.6,1.0
187.0,153.9,1.0
187.0,156.61,1.0
187.0,164.78,1.0
187.0,71.52,1.0
187.0,132.86,1.0
187.0,147.98,1.0
187.0,140.46,1.0
187.0,164.76,1.0
187.0,162.35,1.0
187.0,164.71,1.0
187.0,164.01,1.0
187.0,162.36,1.0
183.0,141.2,1.0
187.0,146.25,1.0
187.0,160.66,1.0
187.0,154.93,1.0
187.0,134.68,1.0
187.0,163.68,1.0
187.0,128.47,1.0
183.0,163.61,1.0
183.0,124.41,1.0
183.0,146.4,1.0
138.0,147.65,1.0
138.0,147.52,1.0
138.0,142.18,1.0
179.0,164.78,1.0
179.0,164.78,1.0
179.0,164.78,1.0
179.0,164.78,1.0
179.0,7.71,1.0
179.0,164.78,1.0
179.0,152.06,1.0
179.0,164.77,1.0
179.0,163.93,1.0
178.0,109.53,1.0
179.0,164.76,1.0
179.0,159.49,1.0
179.0,164.78,1.0
137.0,164.78,1.0
137.0,148.04,1.0
137.0,127.09,1.0
137.0,130.92,1.0
179.0,164.56,1.0
179.0,42.39,1.0
179.0,104.72,1.0
179.0,60.66,1.0
179.0,98.36,1.0
180.0,164.78,1.0
136.0,164.78,1.0
179.0,164.78,1.0
178.0,125.43,1.0
177.0,132.63,1.0
177.0,12.9,1.0
177.0,134.44,1.0
140.0,136.11,1.0
140.0,147.66,1.0
140.0,81.3,1.0
140.0,77.46,1.0
178.0,164.78,1.0
178.0,164.78,1.0
178.0,10.23,1.0
178.0,128.51,1.0
178.0,164.78,1.0
178.0,164.78,1.0
178.0,164.78,1.0
178.0,162.96,1.0
178.0,164.77,1.0
178.0,163.5,1.0
178.0,164.78,1.0
178.0,164.57,1.0
136.0,136.1,1.0
178.0,164.78,1.0
178.0,158.75,1.0
139.0,105.62,1.0
139.0,164.78,1.0
139.0,131.32,1.0
178.0,164.76,1.0
189.0,98.04,1.0
136.0,156.3,1.0
181.0,164.77,1.0
181.0,164.75,1.0
181.0,78.81,1.0
181.0,22.73,1.0
181.0,24.08,1.0
181.0,164.78,1.0
133.0,130.56,1.0
182.0,156.78,1.0
182.0,139.89,1.0
182.0,161.99,1.0
182.0,154.07,1.0
182.0,164.78,1.0
181.0,164.78,1.0
182.0,164.78,1.0
182.0,164.78,1.0
182.0,145.43,1.0
182.0,164.78,1.0
182.0,164.78,1.0
182.0,127.41,1.0
182.0,164.78,1.0
182.0,164.77,1.0
182.0,164.76,1.0
182.0,29.54,1.0
132.0,147.54,1.0
182.0,27.4,1.0
182.0,147.83,1.0
182.0,120.39,1.0
181.0,142.78,1.0
181.0,164.78,1.0
181.0,164.77,1.0
180.0,164.78,1.0
180.0,164.78,1.0
180.0,164.78,1.0
180.0,140.67,1.0
180.0,164.77,1.0
180.0,161.2,1.0
180.0,164.77,1.0
180.0,164.78,1.0
180.0,155.57,1.0
180.0,164.78,1.0
180.0,164.75,1.0
180.0,163.2,1.0
180.0,45.42,1.0
180.0,86.4,1.0
180.0,154.71,1.0
134.0,144.45,1.0
134.0,164.78,1.0
181.0,156.52,1.0
181.0,164.78,1.0
181.0,127.63,1.0
181.0,164.78,1.0
180.0,164.78,1.0
181.0,44.13,1.0
181.0,164.78,1.0
181.0,155.77,1.0
181.0,152.89,1.0
181.0,164.78,1.0
135.0,119.08,1.0
135.0,148.26,1.0
181.0,164.78,1.0
189.0,162.73,1.0
189.0,128.89,1.0
189.0,136.99,1.0
196.0,164.78,1.0
196.0,163.84,1.0
196.0,164.78,1.0
196.0,29.33,1.0
196.0,117.46,1.0
196.0,135.77,1.0
196.0,98.91,1.0
196.0,159.11,1.0
196.0,164.78,1.0
196.0,164.74,1.0
196.0,22.45,1.0
196.0,164.78,1.0
196.0,110.18,1.0
196.0,113.16,1.0
196.0,147.77,1.0
197.0,164.78,1.0
197.0,164.78,1.0
197.0,164.75,1.0
197.0,164.7,1.0
197.0,164.78,1.0
197.0,164.78,1.0
196.0,164.66,1.0
196.0,164.73,1.0
194.0,130.97,1.0
195.0,164.78,1.0
195.0,164.78,1.0
195.0,164.7,1.0
195.0,164.61,1.0
195.0,164.78,1.0
195.0,164.77,1.0
195.0,22.34,1.0
195.0,162.79,1.0
195.0,164.78,1.0
195.0,59.84,1.0
195.0,116.79,1.0
195.0,139.97,1.0
196.0,164.78,1.0
196.0,29.04,1.0
196.0,164.78,1.0
195.0,164.78,1.0
195.0,122.68,1.0
195.0,137.62,1.0
197.0,164.4,1.0
195.0,22.85,1.0
195.0,38.37,1.0
195.0,164.54,1.0
195.0,164.78,1.0
195.0,118.74,1.0
194.0,132.44,1.0
197.0,164.78,1.0
198.0,158.43,1.0
198.0,124.83,1.0
199.0,164.78,1.0
199.0,164.78,1.0
199.0,164.78,1.0
199.0,164.76,1.0
199.0,164.78,1.0
199.0,164.78,1.0
199.0,164.72,1.0
199.0,61.15,1.0
199.0,27.25,1.0
199.0,41.5,1.0
199.0,164.5,1.0
199.0,164.78,1.0
199.0,164.78,1.0
199.0,12.02,1.0
199.0,164.41,1.0
199.0,156.61,1.0
199.0,164.78,1.0
198.0,23.78,1.0
198.0,164.78,1.0
198.0,164.78,1.0
197.0,13.14,1.0
197.0,95.02,1.0
197.0,165.8,1.0
197.0,163.26,1.0
197.0,164.78,1.0
197.0,164.77,1.0
197.0,6.76,1.0
197.0,155.9,1.0
197.0,107.32,1.0
197.0,127.42,1.0
197.0,133.42,1.0
198.0,164.78,1.0
198.0,24.88,1.0
198.0,164.78,1.0
198.0,164.31,1.0
198.0,31.43,1.0
198.0,147.31,1.0
198.0,35.47,1.0
198.0,164.78,1.0
198.0,164.78,1.0
198.0,52.98,1.0
198.0,164.78,1.0
198.0,164.76,1.0
198.0,164.77,1.0
198.0,164.54,1.0
194.0,167.75,1.0
194.0,167.57,1.0
190.0,122.77,1.0
190.0,141.57,1.0
191.0,164.73,1.0
191.0,164.78,1.0
191.0,155.86,1.0
191.0,162.72,1.0
191.0,164.76,1.0
191.0,74.0,1.0
191.0,163.67,1.0
191.0,130.72,1.0
191.0,111.64,1.0
191.0,164.62,1.0
190.0,136.41,1.0
191.0,152.86,1.0
191.0,127.92,1.0
191.0,140.92,1.0
191.0,137.19,1.0
191.0,164.78,1.0
191.0,137.19,1.0
191.0,131.54,1.0
191.0,135.67,1.0
191.0,125.7,1.0
191.0,164.78,1.0
192.0,164.76,1.0
192.0,46.18,1.0
192.0,164.78,1.0
191.0,127.39,1.0
190.0,98.21,1.0
190.0,164.78,1.0
189.0,163.86,1.0
189.0,136.79,1.0
189.0,138.75,1.0
189.0,163.24,1.0
189.0,147.54,1.0
189.0,147.21,1.0
189.0,164.78,1.0
189.0,135.7,1.0
189.0,135.53,1.0
189.0,142.93,1.0
189.0,147.45,1.0
190.0,164.53,1.0
190.0,20.88,1.0
190.0,164.78,1.0
190.0,108.95,1.0
190.0,140.44,1.0
190.0,148.0,1.0
190.0,133.15,1.0
190.0,124.54,1.0
190.0,114.27,1.0
192.0,62.46,1.0
190.0,164.3,1.0
190.0,122.47,1.0
190.0,163.0,1.0
190.0,146.99,1.0
190.0,164.75,1.0
190.0,104.97,1.0
190.0,151.46,1.0
190.0,127.26,1.0
192.0,163.02,1.0
192.0,164.77,1.0
193.0,138.16,1.0
193.0,164.78,1.0
193.0,160.24,1.0
193.0,155.74,1.0
193.0,15.9,1.0
193.0,145.21,1.0
193.0,126.26,1.0
193.0,150.29,1.0
194.0,164.78,1.0
194.0,23.49,1.0
194.0,164.78,1.0
194.0,163.6,1.0
194.0,164.77,1.0
194.0,157.14,1.0
194.0,164.77,1.0
194.0,107.09,1.0
194.0,119.64,1.0
194.0,135.51,1.0
194.0,146.12,1.0
194.0,164.78,1.0
194.0,164.27,1.0
194.0,8.0,1.0
194.0,164.78,1.0
193.0,133.77,1.0
193.0,145.13,1.0
192.0,164.75,1.0
192.0,164.29,1.0
192.0,156.88,1.0
192.0,164.75,1.0
192.0,129.93,1.0
192.0,131.41,1.0
192.0,139.97,1.0
192.0,164.78,1.0
192.0,19.5,1.0
192.0,95.99,1.0
192.0,116.99,1.0
192.0,107.05,1.0
193.0,164.77,1.0
193.0,106.31,1.0
193.0,164.73,1.0
193.0,164.78,1.0
192.0,162.41,1.0
193.0,163.49,1.0
193.0,164.78,1.0
193.0,164.78,1.0
192.0,164.78,1.0
192.0,148.34,1.0
193.0,164.3,1.0
177.0,164.76,1.0
177.0,164.78,1.0
158.0,137.8,1.0
158.0,113.79,1.0
158.0,122.69,1.0
158.0,85.14,1.0
158.0,32.19,1.0
158.0,164.69,1.0
158.0,96.12,1.0
158.0,164.72,1.0
158.0,164.78,1.0
158.0,164.78,1.0
168.0,144.46,1.0
158.0,148.89,1.0
168.0,164.76,1.0
168.0,69.0,1.0
168.0,25.01,1.0
168.0,110.61,1.0
168.0,122.96,1.0
168.0,147.45,1.0
157.0,164.78,1.0
157.0,148.38,1.0
157.0,114.79,1.0
157.0,95.05,1.0
168.0,164.78,1.0
168.0,164.78,1.0
168.0,164.78,1.0
167.0,164.78,1.0
167.0,73.12,1.0
167.0,36.77,1.0
167.0,145.54,1.0
167.0,132.51,1.0
167.0,164.78,1.0
159.0,164.78,1.0
159.0,164.78,1.0
159.0,141.31,1.0
159.0,122.8,1.0
159.0,117.53,1.0
159.0,2.8,1.0
168.0,164.78,1.0
168.0,95.13,1.0
168.0,164.78,1.0
168.0,164.78,1.0
159.0,164.78,1.0
159.0,164.78,1.0
159.0,91.6,1.0
159.0,164.77,1.0
159.0,164.77,1.0
159.0,13.74,1.0
159.0,91.56,1.0
159.0,79.09,1.0
167.0,164.75,1.0
157.0,14.56,1.0
157.0,74.7,1.0
169.0,114.06,1.0
169.0,132.58,1.0
169.0,164.78,1.0
155.0,147.78,1.0
155.0,103.77,1.0
155.0,44.15,1.0
155.0,83.5,1.0
155.0,163.97,1.0
155.0,90.93,1.0
155.0,161.29,1.0
155.0,111.66,1.0
155.0,75.28,1.0
155.0,164.72,1.0
170.0,164.78,1.0
170.0,164.78,1.0
170.0,144.92,1.0
170.0,115.85,1.0
170.0,164.78,1.0
170.0,14.32,1.0
170.0,164.78,1.0
170.0,164.78,1.0
170.0,142.91,1.0
154.0,164.78,1.0
154.0,146.82,1.0
154.0,88.98,1.0
154.0,38.15,1.0
155.0,164.78,1.0
169.0,158.52,1.0
169.0,155.65,1.0
169.0,0.62,1.0
157.0,164.38,1.0
157.0,92.84,1.0
157.0,88.92,1.0
157.0,164.77,1.0
157.0,164.78,1.0
169.0,164.78,1.0
169.0,164.78,1.0
169.0,144.78,1.0
169.0,101.66,1.0
169.0,164.78,1.0
169.0,55.36,1.0
169.0,164.78,1.0
169.0,164.78,1.0
169.0,79.15,1.0
156.0,164.78,1.0
156.0,129.03,1.0
156.0,113.17,1.0
169.0,164.77,1.0
169.0,164.77,1.0
156.0,164.78,1.0
156.0,164.75,1.0
157.0,164.68,1.0
156.0,78.21,1.0
156.0,164.37,1.0
156.0,99.28,1.0
156.0,164.34,1.0
156.0,91.64,1.0
156.0,17.01,1.0
160.0,164.78,1.0
165.0,110.3,1.0
165.0,119.88,1.0
165.0,148.3,1.0
163.0,145.73,1.0
163.0,128.92,1.0
163.0,119.32,1.0
163.0,108.37,1.0
163.0,156.99,1.0
163.0,26.75,1.0
163.0,85.8,1.0
163.0,159.91,1.0
163.0,86.02,1.0
163.0,154.96,1.0
163.0,164.78,1.0
163.0,164.78,1.0
163.0,48.48,1.0
163.0,164.78,1.0
163.0,164.78,1.0
166.0,164.78,1.0
166.0,164.78,1.0
166.0,164.78,1.0
166.0,164.78,1.0
166.0,164.75,1.0
162.0,147.65,1.0
163.0,107.66,1.0
165.0,120.99,1.0
165.0,34.46,1.0
165.0,164.78,1.0
165.0,164.77,1.0
165.0,83.23,1.0
165.0,94.43,1.0
165.0,164.78,1.0
165.0,66.57,1.0
165.0,164.78,1.0
165.0,164.74,1.0
165.0,95.74,1.0
165.0,155.88,1.0
164.0,164.78,1.0
164.0,126.91,1.0
164.0,99.76,1.0
164.0,145.18,1.0
164.0,98.62,1.0
164.0,44.93,1.0
165.0,164.55,1.0
164.0,164.78,1.0
164.0,164.78,1.0
164.0,69.67,1.0
162.0,134.69,1.0
164.0,164.78,1.0
164.0,164.78,1.0
164.0,164.25,1.0
164.0,164.16,1.0
164.0,83.57,1.0
167.0,164.78,1.0
162.0,144.75,1.0
162.0,105.29,1.0
161.0,164.78,1.0
161.0,61.58,1.0
161.0,164.78,1.0
161.0,60.99,1.0
161.0,164.78,1.0
161.0,164.78,1.0
167.0,164.78,1.0
167.0,164.78,1.0
167.0,73.85,1.0
167.0,164.78,1.0
167.0,17.17,1.0
167.0,164.78,1.0
160.0,164.78,1.0
160.0,147.96,1.0
160.0,130.63,1.0
160.0,130.71,1.0
160.0,105.06,1.0
160.0,24.12,1.0
160.0,77.97,1.0
160.0,164.78,1.0
160.0,77.23,1.0
160.0,164.77,1.0
160.0,58.24,1.0
160.0,164.78,1.0
160.0,147.4,1.0
162.0,167.18,1.0
162.0,54.78,1.0
162.0,104.46,1.0
162.0,164.78,1.0
162.0,150.63,1.0
162.0,164.78,1.0
162.0,95.82,1.0
162.0,57.7,1.0
162.0,164.78,1.0
162.0,164.78,1.0
166.0,103.42,1.0
166.0,162.45,1.0
166.0,164.77,1.0
161.0,131.9,1.0
161.0,147.27,1.0
161.0,112.21,1.0
161.0,127.85,1.0
161.0,136.61,1.0
161.0,150.03,1.0
162.0,131.85,1.0
161.0,164.78,1.0
166.0,154.6,1.0
166.0,116.51,1.0
166.0,51.95,1.0
166.0,13.94,1.0
166.0,144.02,1.0
199.0,129.8,1.0
154.0,94.11,1.0
174.0,164.44,1.0
174.0,48.54,1.0
174.0,82.87,1.0
174.0,103.01,1.0
174.0,164.78,1.0
145.0,147.68,1.0
145.0,129.45,1.0
145.0,116.78,1.0
145.0,89.62,1.0
145.0,161.42,1.0
174.0,164.77,1.0
175.0,164.78,1.0
175.0,53.33,1.0
175.0,48.09,1.0
175.0,153.47,1.0
175.0,21.59,1.0
175.0,164.78,1.0
175.0,164.78,1.0
175.0,164.78,1.0
175.0,164.78,1.0
175.0,164.55,1.0
175.0,164.76,1.0
175.0,161.95,1.0
175.0,164.78,1.0
175.0,164.78,1.0
175.0,164.78,1.0
174.0,164.78,1.0
146.0,162.72,1.0
146.0,79.65,1.0
173.0,161.72,1.0
173.0,112.17,1.0
147.0,164.78,1.0
147.0,130.28,1.0
147.0,132.36,1.0
147.0,93.44,1.0
147.0,115.97,1.0
147.0,91.44,1.0
147.0,71.1,1.0
147.0,74.64,1.0
147.0,164.44,1.0
174.0,164.78,1.0
174.0,164.78,1.0
174.0,162.32,1.0
174.0,46.68,1.0
146.0,78.28,1.0
146.0,91.31,1.0
146.0,114.3,1.0
146.0,70.59,1.0
146.0,144.28,1.0
146.0,138.38,1.0
144.0,164.78,1.0
174.0,148.23,1.0
174.0,161.9,1.0
174.0,164.78,1.0
174.0,164.78,1.0
174.0,42.41,1.0
174.0,164.78,1.0
174.0,164.78,1.0
174.0,164.74,1.0
144.0,147.71,1.0
142.0,164.78,1.0
142.0,103.42,1.0
142.0,135.86,1.0
142.0,84.02,1.0
176.0,147.38,1.0
176.0,111.48,1.0
176.0,146.45,1.0
177.0,164.78,1.0
177.0,164.78,1.0
176.0,164.73,1.0
141.0,100.37,1.0
141.0,73.09,1.0
177.0,132.18,1.0
177.0,164.78,1.0
177.0,164.78,1.0
177.0,11.68,1.0
177.0,164.78,1.0
177.0,163.44,1.0
177.0,164.63,1.0
177.0,164.78,1.0
177.0,164.2,1.0
177.0,164.78,1.0
141.0,132.7,1.0
176.0,164.78,1.0
176.0,164.78,1.0
176.0,163.81,1.0
144.0,82.74,1.0
144.0,154.18,1.0
175.0,164.64,1.0
175.0,4.58,1.0
175.0,164.78,1.0
175.0,152.31,1.0
175.0,147.41,1.0
143.0,164.78,1.0
143.0,149.77,1.0
143.0,92.73,1.0
143.0,81.84,1.0
143.0,105.38,1.0
176.0,164.77,1.0
176.0,164.57,1.0
176.0,164.78,1.0
176.0,164.78,1.0
176.0,1.95,1.0
176.0,164.78,1.0
144.0,125.57,1.0
176.0,164.78,1.0
176.0,142.98,1.0
176.0,6.13,1.0
176.0,164.78,1.0
176.0,164.78,1.0
173.0,13.44,1.0
173.0,164.77,1.0
152.0,164.78,1.0
152.0,153.51,1.0
152.0,84.18,1.0
152.0,35.42,1.0
152.0,119.17,1.0
152.0,99.95,1.0
152.0,162.49,1.0
152.0,164.78,1.0
171.0,164.78,1.0
171.0,164.78,1.0
171.0,160.4,1.0
171.0,164.72,1.0
171.0,164.43,1.0
171.0,159.48,1.0
171.0,87.25,1.0
171.0,135.17,1.0
171.0,127.93,1.0
151.0,142.02,1.0
151.0,112.65,1.0
171.0,164.78,1.0
171.0,164.78,1.0
154.0,90.29,1.0
154.0,164.66,1.0
154.0,164.78,1.0
170.0,164.78,1.0
170.0,164.78,1.0
170.0,164.33,1.0
170.0,160.66,1.0
170.0,71.39,1.0
170.0,139.63,1.0
170.0,120.87,1.0
170.0,149.26,1.0
153.0,151.57,1.0
153.0,131.85,1.0
171.0,164.78,1.0
171.0,107.36,1.0
171.0,131.34,1.0
171.0,164.78,1.0
171.0,164.78,1.0
153.0,164.78,1.0
151.0,79.98,1.0
153.0,164.52,1.0
153.0,92.72,1.0
153.0,95.73,1.0
153.0,84.58,1.0
173.0,163.39,1.0
151.0,148.49,1.0
172.0,164.78,1.0
149.0,95.99,1.0
149.0,164.77,1.0
173.0,164.78,1.0
173.0,164.78,1.0
173.0,85.31,1.0
173.0,48.61,1.0
173.0,164.78,1.0
173.0,164.78,1.0
173.0,164.78,1.0
173.0,6.82,1.0
173.0,164.78,1.0
173.0,158.82,1.0
148.0,164.78,1.0
148.0,149.89,1.0
148.0,123.49,1.0
148.0,101.46,1.0
148.0,87.28,1.0
148.0,96.74,1.0
148.0,71.23,1.0
148.0,164.64,1.0
173.0,163.81,1.0
173.0,164.78,1.0
173.0,164.78,1.0
149.0,94.57,1.0
149.0,140.72,1.0
149.0,142.53,1.0
172.0,164.78,1.0
172.0,175.42,1.0
172.0,164.78,1.0
172.0,164.78,1.0
172.0,164.78,1.0
172.0,94.3,1.0
172.0,164.78,1.0
150.0,133.09,1.0
150.0,121.49,1.0
150.0,163.18,1.0
150.0,119.02,1.0
150.0,66.31,1.0
150.0,104.71,1.0
149.0,149.49,1.0
172.0,117.95,1.0
172.0,147.42,1.0
172.0,25.22,1.0
172.0,161.88,1.0
151.0,164.78,1.0
172.0,164.66,1.0
172.0,164.78,1.0
150.0,164.77,1.0
172.0,164.78,1.0
194.0,164.7,1.0
49.0,79.65,1.0
49.0,140.65,1.0
49.0,145.99,1.0
14.0,157.07,1.0
14.0,134.28,1.0
15.0,112.36,1.0
49.0,5.93,1.0
50.0,4.76,1.0
25.0,2.64,1.0
25.0,60.89,1.0
25.0,155.8,1.0
25.0,161.44,1.0
25.0,36.91,1.0
24.0,71.79,1.0
70.0,26.83,1.0
49.0,117.67,1.0
49.0,122.98,1.0
71.0,4.53,1.0
71.0,50.33,1.0
48.0,26.5,1.0
26.0,24.86,1.0
26.0,1.83,1.0
26.0,161.77,1.0
26.0,163.49,1.0
70.0,2.59,1.0
25.0,146.94,1.0
25.0,94.37,1.0
72.0,124.28,1.0
48.0,68.8,1.0
49.0,36.95,1.0
49.0,129.93,1.0
71.0,99.84,1.0
25.0,145.0,1.0
48.0,156.07,1.0
50.0,27.96,1.0
68.0,147.49,1.0
68.0,71.62,1.0
51.0,145.85,1.0
51.0,162.86,1.0
51.0,154.52,1.0
51.0,111.81,1.0
51.0,86.68,1.0
67.0,128.97,1.0
67.0,144.56,1.0
67.0,172.65,1.0
24.0,147.87,1.0
24.0,126.0,1.0
24.0,107.18,1.0
24.0,58.84,1.0
24.0,2.91,1.0
16.0,115.57,1.0
16.0,123.99,1.0
16.0,123.07,1.0
51.0,111.08,1.0
51.0,22.09,1.0
68.0,122.16,1.0
50.0,161.2,1.0
69.0,110.65,1.0
50.0,120.72,1.0
50.0,55.47,1.0
50.0,155.11,1.0
50.0,135.08,1.0
69.0,146.05,1.0
50.0,53.86,1.0
15.0,123.79,1.0
15.0,147.4,1.0
15.0,164.78,1.0
50.0,0.6,1.0
15.0,1.43,1.0
15.0,4.05,1.0
15.0,113.29,1.0
15.0,117.9,1.0
48.0,141.1,1.0
48.0,137.1,1.0
46.0,71.52,1.0
46.0,135.65,1.0
46.0,21.09,1.0
46.0,164.78,1.0
46.0,147.37,1.0
46.0,147.7,1.0
46.0,164.72,1.0
46.0,164.74,1.0
46.0,119.99,1.0
76.0,26.47,1.0
46.0,144.14,1.0
27.0,164.78,1.0
27.0,102.12,1.0
27.0,94.71,1.0
27.0,90.37,1.0
27.0,163.86,1.0
46.0,144.39,1.0
46.0,94.96,1.0
45.0,151.4,1.0
45.0,7.59,1.0
28.0,0.86,1.0
28.0,143.38,1.0
28.0,164.76,1.0
28.0,164.77,1.0
28.0,67.26,1.0
78.0,4.54,1.0
27.0,164.28,1.0
27.0,160.72,1.0
45.0,164.78,1.0
45.0,164.78,1.0
45.0,164.76,1.0
45.0,164.63,1.0
45.0,164.59,1.0
45.0,77.53,1.0
45.0,101.91,1.0
45.0,148.01,1.0
26.0,3.24,1.0
47.0,38.93,1.0
74.0,151.83,1.0
47.0,106.51,1.0
48.0,49.91,1.0
48.0,153.46,1.0
48.0,2.84,1.0
48.0,120.07,1.0
47.0,164.78,1.0
48.0,143.06,1.0
26.0,100.81,1.0
73.0,96.37,1.0
13.0,135.49,1.0
14.0,127.83,1.0
14.0,123.95,1.0
14.0,150.11,1.0
14.0,164.78,1.0
48.0,146.59,1.0
16.0,142.26,1.0
47.0,150.88,1.0
47.0,130.81,1.0
75.0,138.37,1.0
26.0,125.4,1.0
12.0,94.71,1.0
12.0,117.62,1.0
13.0,133.21,1.0
13.0,164.78,1.0
47.0,133.42,1.0
13.0,17.71,1.0
26.0,95.39,1.0
47.0,46.31,1.0
13.0,134.13,1.0
47.0,120.99,1.0
47.0,0.2,1.0
47.0,122.71,1.0
47.0,150.72,1.0
19.0,142.44,1.0
19.0,147.92,1.0
19.0,123.36,1.0
19.0,138.1,1.0
55.0,21.24,1.0
55.0,119.17,1.0
55.0,164.78,1.0
55.0,164.74,1.0
55.0,163.22,1.0
59.0,164.76,1.0
59.0,110.49,1.0
59.0,164.78,1.0
59.0,164.78,1.0
55.0,50.84,1.0
59.0,17.22,1.0
19.0,102.74,1.0
54.0,153.85,1.0
54.0,61.83,1.0
23.0,23.24,1.0
22.0,147.39,1.0
19.0,166.35,1.0
19.0,151.8,1.0
61.0,26.53,1.0
54.0,164.65,1.0
22.0,96.22,1.0
60.0,164.76,1.0
60.0,12.92,1.0
60.0,164.78,1.0
60.0,164.78,1.0
60.0,37.12,1.0
22.0,135.49,1.0
58.0,33.32,1.0
56.0,122.38,1.0
56.0,164.32,1.0
57.0,164.4,1.0
57.0,121.58,1.0
57.0,164.77,1.0
57.0,164.78,1.0
56.0,3.08,1.0
20.0,123.62,1.0
20.0,133.93,1.0
20.0,18.12,1.0
20.0,17.08,1.0
21.0,78.54,1.0
21.0,43.21,1.0
20.0,142.67,1.0
58.0,8.18,1.0
58.0,164.78,1.0
21.0,2.24,1.0
21.0,67.77,1.0
21.0,15.59,1.0
58.0,164.68,1.0
21.0,164.78,1.0
21.0,134.79,1.0
21.0,112.04,1.0
21.0,137.9,1.0
58.0,164.78,1.0
20.0,52.83,1.0
56.0,15.03,1.0
56.0,119.63,1.0
56.0,75.92,1.0
56.0,164.78,1.0
20.0,13.3,1.0
20.0,122.96,1.0
56.0,164.76,1.0
58.0,129.29,1.0
20.0,24.08,1.0
45.0,107.85,1.0
19.0,6.81,1.0
18.0,28.69,1.0
52.0,88.29,1.0
16.0,148.63,1.0
17.0,98.34,1.0
17.0,113.41,1.0
17.0,129.03,1.0
17.0,126.9,1.0
17.0,132.74,1.0
17.0,147.6,1.0
17.0,124.01,1.0
17.0,40.2,1.0
52.0,50.44,1.0
64.0,164.78,1.0
64.0,144.86,1.0
64.0,21.58,1.0
52.0,162.62,1.0
52.0,164.77,1.0
65.0,139.46,1.0
24.0,5.92,1.0
16.0,150.83,1.0
16.0,164.78,1.0
16.0,41.32,1.0
16.0,117.34,1.0
16.0,88.22,1.0
16.0,14.56,1.0
66.0,142.0,1.0
64.0,39.66,1.0
66.0,130.56,1.0
65.0,154.6,1.0
52.0,2.5,1.0
52.0,74.14,1.0
52.0,2.34,1.0
52.0,86.31,1.0
52.0,145.14,1.0
65.0,140.83,1.0
66.0,138.81,1.0
23.0,164.78,1.0
23.0,145.28,1.0
23.0,96.71,1.0
54.0,16.89,1.0
54.0,30.04,1.0
54.0,128.06,1.0
54.0,53.45,1.0
54.0,164.78,1.0
61.0,164.77,1.0
61.0,164.78,1.0
61.0,164.78,1.0
61.0,1.99,1.0
18.0,141.8,1.0
18.0,140.75,1.0
18.0,164.78,1.0
18.0,112.79,1.0
18.0,153.89,1.0
19.0,157.56,1.0
62.0,147.94,1.0
62.0,34.97,1.0
63.0,164.78,1.0
63.0,151.28,1.0
63.0,133.26,1.0
63.0,14.66,1.0
23.0,138.9,1.0
23.0,4.82,1.0
18.0,108.64,1.0
62.0,164.78,1.0
53.0,166.59,1.0
53.0,164.78,1.0
18.0,160.51,1.0
18.0,101.48,1.0
53.0,164.08,1.0
53.0,93.54,1.0
18.0,137.76,1.0
62.0,164.78,1.0
53.0,111.45,1.0
13.0,148.86,1.0
39.0,34.47,1.0
38.0,159.63,1.0
38.0,164.78,1.0
38.0,12.84,1.0
5.0,131.16,1.0
5.0,148.19,1.0
39.0,148.3,1.0
39.0,164.78,1.0
39.0,108.43,1.0
30.0,164.7,1.0
30.0,164.78,1.0
30.0,117.11,1.0
30.0,125.13,1.0
30.0,69.77,1.0
30.0,46.48,1.0
39.0,164.78,1.0
5.0,132.37,1.0
4.0,164.78,1.0
4.0,147.37,1.0
4.0,132.05,1.0
31.0,164.78,1.0
30.0,134.09,1.0
37.0,72.9,1.0
37.0,113.61,1.0
37.0,88.98,1.0
37.0,164.78,1.0
38.0,86.27,1.0
38.0,164.78,1.0
38.0,112.34,1.0
38.0,164.74,1.0
38.0,140.06,1.0
38.0,164.78,1.0
3.0,147.54,1.0
3.0,164.78,1.0
38.0,164.78,1.0
31.0,164.78,1.0
39.0,164.78,1.0
6.0,111.36,1.0
6.0,146.89,1.0
40.0,147.57,1.0
41.0,134.13,1.0
41.0,164.78,1.0
41.0,11.48,1.0
6.0,147.02,1.0
7.0,112.68,1.0
7.0,142.39,1.0
7.0,107.3,1.0
7.0,164.78,1.0
8.0,112.68,1.0
8.0,144.06,1.0
41.0,164.78,1.0
41.0,109.84,1.0
29.0,130.34,1.0
40.0,163.04,1.0
39.0,156.99,1.0
39.0,84.7,1.0
30.0,55.07,1.0
30.0,164.78,1.0
30.0,164.78,1.0
29.0,68.25,1.0
29.0,164.68,1.0
39.0,15.9,1.0
40.0,130.65,1.0
40.0,164.78,1.0
40.0,164.78,1.0
40.0,96.96,1.0
40.0,162.48,1.0
40.0,164.78,1.0
39.0,164.78,1.0
29.0,165.39,1.0
31.0,15.79,1.0
33.0,164.78,1.0
33.0,161.95,1.0
34.0,77.62,1.0
34.0,164.78,1.0
34.0,164.78,1.0
34.0,129.02,1.0
32.0,164.78,1.0
32.0,164.78,1.0
31.0,92.41,1.0
34.0,164.55,1.0
34.0,115.68,1.0
34.0,143.66,1.0
34.0,136.02,1.0
34.0,133.23,1.0
33.0,145.76,1.0
33.0,147.69,1.0
33.0,137.34,1.0
33.0,161.11,1.0
32.0,16.17,1.0
32.0,110.8,1.0
32.0,126.0,1.0
32.0,164.78,1.0
32.0,147.46,1.0
34.0,164.78,1.0
32.0,164.77,1.0
33.0,125.92,1.0
33.0,164.78,1.0
33.0,164.78,1.0
33.0,26.93,1.0
33.0,59.08,1.0
32.0,121.76,1.0
34.0,9.41,1.0
31.0,164.77,1.0
36.0,164.75,1.0
36.0,91.28,1.0
36.0,142.15,1.0
36.0,149.5,1.0
36.0,164.78,1.0
37.0,73.72,1.0
37.0,164.78,1.0
37.0,164.78,1.0
37.0,111.05,1.0
37.0,164.7,1.0
37.0,164.78,1.0
31.0,50.67,1.0
36.0,164.36,1.0
36.0,42.63,1.0
31.0,164.78,1.0
31.0,150.37,1.0
31.0,118.13,1.0
35.0,164.78,1.0
35.0,164.78,1.0
35.0,92.4,1.0
35.0,155.25,1.0
35.0,102.92,1.0
35.0,164.73,1.0
35.0,12.36,1.0
35.0,97.8,1.0
35.0,116.72,1.0
35.0,137.95,1.0
35.0,164.78,1.0
36.0,124.9,1.0
36.0,164.78,1.0
36.0,164.78,1.0
87.0,72.4,1.0
29.0,77.9,1.0
29.0,164.77,1.0
29.0,164.78,1.0
44.0,55.05,1.0
44.0,164.77,1.0
42.0,104.93,1.0
9.0,164.78,1.0
44.0,164.78,1.0
10.0,116.72,1.0
28.0,102.67,1.0
28.0,126.37,1.0
11.0,86.84,1.0
11.0,98.31,1.0
44.0,164.72,1.0
44.0,114.84,1.0
44.0,164.78,1.0
44.0,50.56,1.0
42.0,164.78,1.0
42.0,164.65,1.0
42.0,150.08,1.0
42.0,164.53,1.0
42.0,164.78,1.0
10.0,132.57,1.0
42.0,164.78,1.0
42.0,120.19,1.0
10.0,147.47,1.0
11.0,164.78,1.0
42.0,9.35,1.0
41.0,145.99,1.0
43.0,107.61,1.0
44.0,0.89,1.0
11.0,143.81,1.0
43.0,163.68,1.0
10.0,110.37,1.0
12.0,164.78,1.0
8.0,133.62,1.0
44.0,164.46,1.0
83.0,12.78,1.0
8.0,148.69,1.0
81.0,45.99,1.0
29.0,165.12,1.0
43.0,6.1,1.0
44.0,94.42,1.0
43.0,164.78,1.0
9.0,166.34,1.0
28.0,61.55,1.0
28.0,162.7,1.0
28.0,147.61,1.0
43.0,29.23,1.0
44.0,65.62,1.0
9.0,154.15,1.0
43.0,164.76,1.0
9.0,142.85,1.0
44.0,164.59,1.0
41.0,164.78,1.0
43.0,161.84,1.0
43.0,8.32,1.0
43.0,92.81,1.0
43.0,164.78,1.0
29.0,1.73,1.0
43.0,164.62,1.0
41.0,164.53,1.0
12.0,147.41,1.0
42.0,161.54,1.0
9.0,143.65,1.0
41.0,164.02,1.0
43.0,164.78,1.0
44.0,164.78,1.0
43.0,31.54,2.0
46.0,37.86,2.0
46.0,44.4,2.0
54.0,31.27,2.0
152.0,22.17,2.0
46.0,32.72,2.0
46.0,32.43,2.0
152.0,20.17,2.0
43.0,38.75,2.0
46.0,22.65,2.0
145.0,24.23,2.0
87.0,43.94,2.0
151.0,27.59,2.0
151.0,30.14,2.0
151.0,20.17,2.0
169.0,21.94,2.0
171.0,24.64,2.0
36.0,22.58,2.0
36.0,24.48,2.0
36.0,28.89,2.0
43.0,42.22,2.0
43.0,41.43,2.0
43.0,26.42,2.0
176.0,37.47,2.0
133.0,20.17,2.0
35.0,21.03,2.0
35.0,23.16,2.0
133.0,20.17,2.0
133.0,20.17,2.0
133.0,20.17,2.0
35.0,25.51,2.0
46.0,23.56,2.0
152.0,21.41,2.0
54.0,20.16,2.0
34.0,20.17,2.0
54.0,39.25,2.0
143.0,31.66,2.0
131.0,20.17,2.0
131.0,20.17,2.0
131.0,20.17,2.0
131.0,20.17,2.0
157.0,20.17,2.0
143.0,38.06,2.0
143.0,21.17,2.0
144.0,39.03,2.0
144.0,39.21,2.0
33.0,22.28,2.0
33.0,20.17,2.0
144.0,33.77,2.0
143.0,36.03,2.0
56.0,33.82,2.0
154.0,32.47,2.0
56.0,35.8,2.0
44.0,35.41,2.0
44.0,26.82,2.0
44.0,42.48,2.0
175.0,33.18,2.0
44.0,35.98,2.0
44.0,43.86,2.0
56.0,39.51,2.0
32.0,20.17,2.0
56.0,20.16,2.0
56.0,20.17,2.0
56.0,33.16,2.0
154.0,20.17,2.0
154.0,24.59,2.0
168.0,20.17,2.0
55.0,30.59,2.0
55.0,34.63,2.0
45.0,36.02,2.0
34.0,22.47,2.0
145.0,39.84,2.0
132.0,20.17,2.0
132.0,20.17,2.0
55.0,34.27,2.0
142.0,28.61,2.0
142.0,38.1,2.0
142.0,31.27,2.0
155.0,19.91,2.0
155.0,24.49,2.0
54.0,29.33,2.0
155.0,20.17,2.0
142.0,20.77,2.0
54.0,41.5,2.0
54.0,20.06,2.0
34.0,23.39,2.0
43.0,23.87,2.0
132.0,20.17,2.0
132.0,33.16,2.0
55.0,41.3,2.0
45.0,47.09,2.0
45.0,29.78,2.0
45.0,37.0,2.0
170.0,25.05,2.0
45.0,28.15,2.0
45.0,20.17,2.0
45.0,22.23,2.0
153.0,20.17,2.0
153.0,18.02,2.0
55.0,20.17,2.0
132.0,20.17,2.0
145.0,38.56,2.0
141.0,20.66,2.0
53.0,26.74,2.0
48.0,39.24,2.0
48.0,31.64,2.0
148.0,20.17,2.0
137.0,24.38,2.0
137.0,23.98,2.0
137.0,25.59,2.0
137.0,24.41,2.0
148.0,54.94,2.0
137.0,21.9,2.0
50.0,20.17,2.0
50.0,31.66,2.0
50.0,30.98,2.0
50.0,35.29,2.0
148.0,40.49,2.0
41.0,37.15,2.0
41.0,33.36,2.0
158.0,20.17,2.0
39.0,24.87,2.0
149.0,43.02,2.0
149.0,47.97,2.0
51.0,35.81,2.0
44.0,26.15,2.0
39.0,33.05,2.0
39.0,27.54,2.0
41.0,22.22,2.0
41.0,27.0,2.0
41.0,24.34,2.0
39.0,31.09,2.0
39.0,20.17,2.0
51.0,33.47,2.0
41.0,34.11,2.0
48.0,29.73,2.0
48.0,28.78,2.0
48.0,25.29,2.0
147.0,33.04,2.0
147.0,40.89,2.0
147.0,46.73,2.0
147.0,20.17,2.0
173.0,29.47,2.0
49.0,48.36,2.0
178.0,31.46,2.0
156.0,20.6,2.0
49.0,27.61,2.0
49.0,27.98,2.0
49.0,36.75,2.0
156.0,20.17,2.0
49.0,34.33,2.0
138.0,22.85,2.0
138.0,23.98,2.0
138.0,26.63,2.0
138.0,27.63,2.0
139.0,25.42,2.0
40.0,38.92,2.0
40.0,31.74,2.0
40.0,28.47,2.0
50.0,27.81,2.0
50.0,36.87,2.0
50.0,18.39,2.0
149.0,20.17,2.0
139.0,28.42,2.0
50.0,24.65,2.0
40.0,22.24,2.0
40.0,25.76,2.0
139.0,27.1,2.0
40.0,20.17,2.0
139.0,24.35,2.0
138.0,21.84,2.0
139.0,32.57,2.0
136.0,20.17,2.0
136.0,22.1,2.0
136.0,25.46,2.0
167.0,20.17,2.0
159.0,20.17,2.0
37.0,24.87,2.0
37.0,20.17,2.0
150.0,20.17,2.0
150.0,35.4,2.0
52.0,39.15,2.0
52.0,29.46,2.0
135.0,26.21,2.0
135.0,23.3,2.0
42.0,27.6,2.0
42.0,26.66,2.0
47.0,42.81,2.0
37.0,26.13,2.0
52.0,25.29,2.0
37.0,30.29,2.0
42.0,24.17,2.0
53.0,34.84,2.0
53.0,35.07,2.0
53.0,44.19,2.0
174.0,32.89,2.0
53.0,20.21,2.0
53.0,26.63,2.0
47.0,34.97,2.0
141.0,28.88,2.0
134.0,20.17,2.0
134.0,20.17,2.0
134.0,20.17,2.0
53.0,36.68,2.0
141.0,35.89,2.0
141.0,31.67,2.0
134.0,20.17,2.0
47.0,40.06,2.0
135.0,20.17,2.0
140.0,29.88,2.0
172.0,26.86,2.0
51.0,21.77,2.0
146.0,42.92,2.0
51.0,31.95,2.0
51.0,31.27,2.0
51.0,45.46,2.0
146.0,38.17,2.0
51.0,43.42,2.0
136.0,23.06,2.0
146.0,19.9,2.0
140.0,34.47,2.0
140.0,28.48,2.0
140.0,26.39,2.0
177.0,33.39,2.0
38.0,22.02,2.0
135.0,20.17,2.0
42.0,31.91,2.0
52.0,48.34,2.0
47.0,30.58,2.0
52.0,18.49,2.0
52.0,42.47,2.0
135.0,22.86,2.0
52.0,17.0,2.0
47.0,27.83,2.0
42.0,40.38,2.0
42.0,40.18,2.0
38.0,34.84,2.0
38.0,30.29,2.0
52.0,31.76,2.0
38.0,26.5,2.0
47.0,25.13,2.0
44.0,20.17,2.0
87.0,36.17,2.0
160.0,20.17,2.0
104.0,20.17,2.0
104.0,20.17,2.0
104.0,49.77,2.0
82.0,39.43,2.0
82.0,32.46,2.0
82.0,26.98,2.0
104.0,20.17,2.0
82.0,27.05,2.0
83.0,26.12,2.0
83.0,38.25,2.0
83.0,55.94,2.0
83.0,20.17,2.0
103.0,34.19,2.0
103.0,28.01,2.0
103.0,20.05,2.0
103.0,20.17,2.0
82.0,22.21,2.0
103.0,20.17,2.0
82.0,45.42,2.0
81.0,35.58,2.0
81.0,30.18,2.0
81.0,27.97,2.0
105.0,20.17,2.0
105.0,20.17,2.0
105.0,20.17,2.0
104.0,24.33,2.0
81.0,24.19,2.0
81.0,21.14,2.0
82.0,27.66,2.0
82.0,42.96,2.0
82.0,52.98,2.0
82.0,20.17,2.0
82.0,20.17,2.0
82.0,19.64,2.0
105.0,23.16,2.0
103.0,30.39,2.0
103.0,41.71,2.0
101.0,32.24,2.0
101.0,39.21,2.0
84.0,31.8,2.0
84.0,36.58,2.0
84.0,18.18,2.0
84.0,20.17,2.0
84.0,20.17,2.0
101.0,20.17,2.0
84.0,20.17,2.0
84.0,45.36,2.0
84.0,40.21,2.0
100.0,28.56,2.0
100.0,45.72,2.0
100.0,46.55,2.0
100.0,20.17,2.0
100.0,20.17,2.0
84.0,45.8,2.0
101.0,20.17,2.0
101.0,44.33,2.0
83.0,20.17,2.0
83.0,20.17,2.0
164.0,20.17,2.0
102.0,20.33,2.0
102.0,43.3,2.0
102.0,20.17,2.0
102.0,20.17,2.0
102.0,31.65,2.0
102.0,34.16,2.0
102.0,45.61,2.0
83.0,47.7,2.0
83.0,38.42,2.0
83.0,31.74,2.0
83.0,30.4,2.0
83.0,31.28,2.0
83.0,25.35,2.0
101.0,27.47,2.0
101.0,40.08,2.0
81.0,35.52,2.0
106.0,23.8,2.0
106.0,18.83,2.0
110.0,20.17,2.0
110.0,20.17,2.0
110.0,28.19,2.0
110.0,34.92,2.0
78.0,35.63,2.0
78.0,28.24,2.0
78.0,25.45,2.0
78.0,23.32,2.0
110.0,20.17,2.0
78.0,20.17,2.0
79.0,34.1,2.0
79.0,42.89,2.0
109.0,23.65,2.0
109.0,20.17,2.0
109.0,20.17,2.0
109.0,20.17,2.0
109.0,20.17,2.0
109.0,24.8,2.0
79.0,20.17,2.0
110.0,20.17,2.0
110.0,26.74,2.0
78.0,34.14,2.0
111.0,20.17,2.0
111.0,20.17,2.0
111.0,20.17,2.0
111.0,20.17,2.0
111.0,28.45,2.0
77.0,20.17,2.0
183.0,23.95,2.0
77.0,32.5,2.0
77.0,30.05,2.0
77.0,28.65,2.0
77.0,26.8,2.0
77.0,20.17,2.0
78.0,20.17,2.0
78.0,44.14,2.0
78.0,40.86,2.0
78.0,20.17,2.0
78.0,19.53,2.0
109.0,29.78,2.0
100.0,31.01,2.0
79.0,20.17,2.0
79.0,41.17,2.0
107.0,18.88,2.0
107.0,19.65,2.0
107.0,20.17,2.0
107.0,20.17,2.0
107.0,20.17,2.0
107.0,22.57,2.0
107.0,24.58,2.0
80.0,20.17,2.0
80.0,24.17,2.0
81.0,26.23,2.0
81.0,40.18,2.0
81.0,20.17,2.0
81.0,20.17,2.0
106.0,20.17,2.0
106.0,20.17,2.0
106.0,20.17,2.0
81.0,31.35,2.0
80.0,25.77,2.0
80.0,34.7,2.0
80.0,35.45,2.0
79.0,34.36,2.0
79.0,32.63,2.0
79.0,28.25,2.0
79.0,23.44,2.0
79.0,23.04,2.0
108.0,21.94,2.0
108.0,20.18,2.0
108.0,20.17,2.0
108.0,20.17,2.0
108.0,20.17,2.0
108.0,23.53,2.0
108.0,28.61,2.0
80.0,23.33,2.0
80.0,36.87,2.0
80.0,48.09,2.0
80.0,20.17,2.0
80.0,20.17,2.0
80.0,38.4,2.0
79.0,20.17,2.0
100.0,44.95,2.0
92.0,18.41,2.0
92.0,46.88,2.0
87.0,37.9,2.0
87.0,37.86,2.0
91.0,30.6,2.0
91.0,29.01,2.0
91.0,39.04,2.0
92.0,26.73,2.0
91.0,26.2,2.0
91.0,20.17,2.0
91.0,20.17,2.0
91.0,20.85,2.0
91.0,23.77,2.0
91.0,20.51,2.0
91.0,51.59,2.0
87.0,20.17,2.0
87.0,20.17,2.0
91.0,23.26,2.0
92.0,23.32,2.0
92.0,20.46,2.0
92.0,20.17,2.0
93.0,35.63,2.0
93.0,47.77,2.0
93.0,19.55,2.0
93.0,30.22,2.0
93.0,20.26,2.0
93.0,22.2,2.0
93.0,26.79,2.0
93.0,25.43,2.0
93.0,30.46,2.0
93.0,41.24,2.0
86.0,20.17,2.0
86.0,20.17,2.0
92.0,30.64,2.0
92.0,31.79,2.0
92.0,35.5,2.0
92.0,21.59,2.0
90.0,28.48,2.0
90.0,24.96,2.0
90.0,49.44,2.0
87.0,42.33,2.0
88.0,22.92,2.0
88.0,23.85,2.0
88.0,36.1,2.0
88.0,35.76,2.0
88.0,39.5,2.0
88.0,50.0,2.0
88.0,54.56,2.0
89.0,38.78,2.0
88.0,20.17,2.0
88.0,20.17,2.0
88.0,45.07,2.0
88.0,39.79,2.0
87.0,45.61,2.0
87.0,21.64,2.0
87.0,21.35,2.0
87.0,28.09,2.0
88.0,20.17,2.0
89.0,40.86,2.0
89.0,20.17,2.0
89.0,20.17,2.0
90.0,18.02,2.0
90.0,20.1,2.0
90.0,20.17,2.0
90.0,20.17,2.0
90.0,21.16,2.0
90.0,18.14,2.0
90.0,41.2,2.0
87.0,20.17,2.0
89.0,24.06,2.0
89.0,26.09,2.0
89.0,36.61,2.0
89.0,45.9,2.0
89.0,49.94,2.0
89.0,49.56,2.0
89.0,22.77,2.0
89.0,16.77,2.0
89.0,20.17,2.0
90.0,34.23,2.0
111.0,29.18,2.0
86.0,29.37,2.0
86.0,34.84,2.0
98.0,42.46,2.0
98.0,20.17,2.0
98.0,20.17,2.0
98.0,28.28,2.0
98.0,31.57,2.0
98.0,31.37,2.0
98.0,17.16,2.0
97.0,22.64,2.0
98.0,27.27,2.0
97.0,42.78,2.0
97.0,42.33,2.0
97.0,19.76,2.0
97.0,20.17,2.0
97.0,25.28,2.0
97.0,26.61,2.0
97.0,32.83,2.0
97.0,34.68,2.0
85.0,37.85,2.0
97.0,16.47,2.0
98.0,41.29,2.0
98.0,28.77,2.0
85.0,39.17,2.0
84.0,32.97,2.0
84.0,34.46,2.0
84.0,24.61,2.0
85.0,34.52,2.0
85.0,43.51,2.0
85.0,20.17,2.0
99.0,23.81,2.0
99.0,42.42,2.0
99.0,46.64,2.0
99.0,20.17,2.0
99.0,20.17,2.0
99.0,29.24,2.0
99.0,32.39,2.0
99.0,41.72,2.0
99.0,28.56,2.0
85.0,20.17,2.0
85.0,20.17,2.0
85.0,45.12,2.0
85.0,36.43,2.0
86.0,33.48,2.0
85.0,37.1,2.0
96.0,23.61,2.0
95.0,30.69,2.0
95.0,23.45,2.0
95.0,33.84,2.0
86.0,40.33,2.0
86.0,41.99,2.0
94.0,18.51,2.0
94.0,32.19,2.0
95.0,30.91,2.0
94.0,43.37,2.0
94.0,22.41,2.0
94.0,22.78,2.0
94.0,24.23,2.0
94.0,31.56,2.0
94.0,19.55,2.0
94.0,18.72,2.0
94.0,38.23,2.0
95.0,26.9,2.0
95.0,21.53,2.0
96.0,34.19,2.0
96.0,43.99,2.0
96.0,38.99,2.0
96.0,19.8,2.0
96.0,24.05,2.0
96.0,26.3,2.0
96.0,36.62,2.0
86.0,36.47,2.0
86.0,38.57,2.0
86.0,20.17,2.0
86.0,20.17,2.0
86.0,20.17,2.0
95.0,20.85,2.0
95.0,32.2,2.0
95.0,49.03,2.0
95.0,42.14,2.0
85.0,29.31,2.0
77.0,37.49,2.0
120.0,20.17,2.0
121.0,54.46,2.0
121.0,20.17,2.0
121.0,20.17,2.0
121.0,20.17,2.0
121.0,20.17,2.0
121.0,26.28,2.0
66.0,20.17,2.0
66.0,20.54,2.0
66.0,15.93,2.0
66.0,39.27,2.0
66.0,24.26,2.0
128.0,20.17,2.0
128.0,20.17,2.0
128.0,20.17,2.0
67.0,24.96,2.0
66.0,25.04,2.0
66.0,20.17,2.0
66.0,20.59,2.0
65.0,21.5,2.0
128.0,20.17,2.0
64.0,29.27,2.0
64.0,20.17,2.0
122.0,37.47,2.0
122.0,20.17,2.0
122.0,20.17,2.0
122.0,20.17,2.0
67.0,20.17,2.0
122.0,20.17,2.0
65.0,28.02,2.0
65.0,20.12,2.0
65.0,25.1,2.0
65.0,20.17,2.0
65.0,20.17,2.0
65.0,24.34,2.0
65.0,33.46,2.0
67.0,25.74,2.0
67.0,20.42,2.0
67.0,23.01,2.0
119.0,20.17,2.0
119.0,20.17,2.0
119.0,20.17,2.0
119.0,20.17,2.0
119.0,41.95,2.0
58.0,21.97,2.0
119.0,43.87,2.0
58.0,37.07,2.0
58.0,20.18,2.0
58.0,20.17,2.0
127.0,20.17,2.0
69.0,30.14,2.0
58.0,49.32,2.0
64.0,25.73,2.0
68.0,25.62,2.0
68.0,35.04,2.0
67.0,20.56,2.0
67.0,42.62,2.0
67.0,24.29,2.0
120.0,44.13,2.0
120.0,20.17,2.0
120.0,20.17,2.0
77.0,28.28,2.0
68.0,38.96,2.0
120.0,20.17,2.0
68.0,20.88,2.0
68.0,20.17,2.0
68.0,26.7,2.0
68.0,22.49,2.0
68.0,25.43,2.0
162.0,20.17,2.0
120.0,50.57,2.0
64.0,20.17,2.0
64.0,20.17,2.0
188.0,31.46,2.0
126.0,20.17,2.0
126.0,20.17,2.0
126.0,22.62,2.0
61.0,46.51,2.0
61.0,20.17,2.0
61.0,20.18,2.0
126.0,20.17,2.0
61.0,20.17,2.0
61.0,35.11,2.0
125.0,22.53,2.0
125.0,20.17,2.0
125.0,20.17,2.0
125.0,20.17,2.0
125.0,20.17,2.0
61.0,35.29,2.0
61.0,27.82,2.0
126.0,20.17,2.0
186.0,21.48,2.0
127.0,20.17,2.0
127.0,20.17,2.0
127.0,20.17,2.0
127.0,21.18,2.0
59.0,32.25,2.0
59.0,23.92,2.0
60.0,39.06,2.0
60.0,39.59,2.0
60.0,19.86,2.0
60.0,20.17,2.0
59.0,54.84,2.0
59.0,20.17,2.0
60.0,43.79,2.0
60.0,26.91,2.0
60.0,20.17,2.0
69.0,25.96,2.0
62.0,20.17,2.0
63.0,29.7,2.0
63.0,20.17,2.0
63.0,20.17,2.0
63.0,20.17,2.0
63.0,25.69,2.0
63.0,30.32,2.0
62.0,32.19,2.0
123.0,25.16,2.0
123.0,20.17,2.0
123.0,20.17,2.0
123.0,20.17,2.0
123.0,22.96,2.0
64.0,20.68,2.0
64.0,16.87,2.0
64.0,21.66,2.0
123.0,20.17,2.0
62.0,36.45,2.0
128.0,23.86,2.0
62.0,20.17,2.0
187.0,27.7,2.0
161.0,20.17,2.0
166.0,20.17,2.0
124.0,29.25,2.0
124.0,20.17,2.0
124.0,20.17,2.0
124.0,20.17,2.0
124.0,23.15,2.0
62.0,20.17,2.0
59.0,20.17,2.0
59.0,44.69,2.0
59.0,52.53,2.0
124.0,20.17,2.0
69.0,25.09,2.0
69.0,20.17,2.0
69.0,18.45,2.0
114.0,20.17,2.0
114.0,20.17,2.0
114.0,20.17,2.0
114.0,20.17,2.0
114.0,31.84,2.0
74.0,20.17,2.0
75.0,20.17,2.0
75.0,46.38,2.0
75.0,25.56,2.0
75.0,20.17,2.0
113.0,32.92,2.0
113.0,20.17,2.0
113.0,20.17,2.0
114.0,33.82,2.0
74.0,21.84,2.0
74.0,26.88,2.0
74.0,28.89,2.0
115.0,20.17,2.0
69.0,17.49,2.0
115.0,20.17,2.0
115.0,34.48,2.0
115.0,22.37,2.0
73.0,40.81,2.0
73.0,27.05,2.0
113.0,20.17,2.0
73.0,24.86,2.0
74.0,31.14,2.0
74.0,20.17,2.0
74.0,44.4,2.0
74.0,35.88,2.0
74.0,23.91,2.0
74.0,20.17,2.0
74.0,42.46,2.0
73.0,20.17,2.0
113.0,20.17,2.0
113.0,37.28,2.0
113.0,21.81,2.0
112.0,32.39,2.0
57.0,20.04,2.0
57.0,20.17,2.0
57.0,27.27,2.0
77.0,20.17,2.0
112.0,20.17,2.0
163.0,20.17,2.0
130.0,21.8,2.0
130.0,20.17,2.0
130.0,20.17,2.0
130.0,20.17,2.0
130.0,20.17,2.0
165.0,20.17,2.0
77.0,45.61,2.0
57.0,34.52,2.0
115.0,20.17,2.0
112.0,20.17,2.0
112.0,20.17,2.0
75.0,41.49,2.0
75.0,26.59,2.0
75.0,33.38,2.0
75.0,24.67,2.0
75.0,22.68,2.0
76.0,20.17,2.0
76.0,48.4,2.0
112.0,20.17,2.0
76.0,20.17,2.0
76.0,30.29,2.0
76.0,31.47,2.0
76.0,24.65,2.0
76.0,25.25,2.0
112.0,23.64,2.0
76.0,26.81,2.0
115.0,39.9,2.0
115.0,20.17,2.0
57.0,32.13,2.0
70.0,20.17,2.0
70.0,21.68,2.0
71.0,25.7,2.0
71.0,20.17,2.0
71.0,30.04,2.0
117.0,36.97,2.0
117.0,20.17,2.0
117.0,20.17,2.0
117.0,20.17,2.0
117.0,20.17,2.0
117.0,46.12,2.0
117.0,22.89,2.0
71.0,29.16,2.0
71.0,27.72,2.0
57.0,49.23,2.0
70.0,30.52,2.0
58.0,49.3,2.0
118.0,25.59,2.0
69.0,28.96,2.0
69.0,20.17,2.0
70.0,28.8,2.0
70.0,20.17,2.0
70.0,33.96,2.0
70.0,22.82,2.0
70.0,26.69,2.0
70.0,27.85,2.0
118.0,43.94,2.0
118.0,20.17,2.0
118.0,20.17,2.0
118.0,20.17,2.0
118.0,20.17,2.0
118.0,41.58,2.0
58.0,32.26,2.0
71.0,28.42,2.0
71.0,15.75,2.0
127.0,31.93,2.0
116.0,32.43,2.0
116.0,20.17,2.0
116.0,20.17,2.0
73.0,20.15,2.0
73.0,29.68,2.0
73.0,26.09,2.0
129.0,20.17,2.0
73.0,32.42,2.0
116.0,20.17,2.0
116.0,42.12,2.0
129.0,20.17,2.0
72.0,24.35,2.0
72.0,24.36,2.0
116.0,20.17,2.0
72.0,18.74,2.0
57.0,20.17,2.0
184.0,23.73,2.0
71.0,21.3,2.0
129.0,37.37,2.0
71.0,22.81,2.0
72.0,34.41,2.0
72.0,20.89,2.0
129.0,20.17,2.0
129.0,20.17,2.0
72.0,40.14,2.0
72.0,30.09,2.0
72.0,32.34,2.0
72.0,20.17,2.0
73.0,20.17,2.0
170.0,0.0,3.0
167.0,0.0,3.0
167.0,0.0,3.0
167.0,0.0,3.0
167.0,0.0,3.0
167.0,0.0,3.0
167.0,0.0,3.0
167.0,0.0,3.0
167.0,0.0,3.0
167.0,0.0,3.0
170.0,0.0,3.0
167.0,0.0,3.0
167.0,0.0,3.0
168.0,0.0,3.0
170.0,0.0,3.0
166.0,0.0,3.0
169.0,0.0,3.0
169.0,0.0,3.0
166.0,0.0,3.0
166.0,0.0,3.0
166.0,0.0,3.0
169.0,0.0,3.0
169.0,0.0,3.0
169.0,0.0,3.0
169.0,0.0,3.0
169.0,0.0,3.0
166.0,0.0,3.0
169.0,0.0,3.0
169.0,0.0,3.0
169.0,0.0,3.0
168.0,0.0,3.0
168.0,0.0,3.0
166.0,0.0,3.0
166.0,0.0,3.0
166.0,0.0,3.0
166.0,0.0,3.0
165.0,0.0,3.0
165.0,0.0,3.0
165.0,0.0,3.0
169.0,0.0,3.0
170.0,0.0,3.0
166.0,0.0,3.0
166.0,0.0,3.0
167.0,0.0,3.0
167.0,0.0,3.0
166.0,0.0,3.0
166.0,0.0,3.0
166.0,0.0,3.0
169.0,0.0,3.0
169.0,0.0,3.0
169.0,0.0,3.0
167.0,0.0,3.0
167.0,0.0,3.0
167.0,0.0,3.0
166.0,0.0,3.0
168.0,0.0,3.0
168.0,0.0,3.0
168.0,0.0,3.0
168.0,0.0,3.0
168.0,0.0,3.0
168.0,0.0,3.0
168.0,0.0,3.0
168.0,0.0,3.0
168.0,0.0,3.0
168.0,0.0,3.0
168.0,0.0,3.0
166.0,0.0,3.0
165.0,0.0,3.0
170.0,0.0,3.0
181.0,0.0,3.0
170.0,0.0,3.0
188.0,0.0,3.0
188.0,0.0,3.0
188.0,0.0,3.0
188.0,0.0,3.0
188.0,0.0,3.0
188.0,0.0,3.0
188.0,0.0,3.0
188.0,0.0,3.0
188.0,0.0,3.0
188.0,0.0,3.0
187.0,0.0,3.0
187.0,0.0,3.0
187.0,0.0,3.0
187.0,0.0,3.0
187.0,0.0,3.0
187.0,0.0,3.0
187.0,0.0,3.0
188.0,0.0,3.0
189.0,0.0,3.0
189.0,0.0,3.0
189.0,0.0,3.0
190.0,0.0,3.0
190.0,0.0,3.0
190.0,0.0,3.0
190.0,0.0,3.0
190.0,0.0,3.0
190.0,0.0,3.0
190.0,0.0,3.0
190.0,0.0,3.0
187.0,0.0,3.0
190.0,0.0,3.0
189.0,0.0,3.0
189.0,0.0,3.0
189.0,0.0,3.0
189.0,0.0,3.0
189.0,0.0,3.0
189.0,0.0,3.0
189.0,0.0,3.0
189.0,0.0,3.0
190.0,0.0,3.0
191.0,0.0,3.0
187.0,0.0,3.0
187.0,0.0,3.0
184.0,0.0,3.0
184.0,0.0,3.0
184.0,0.0,3.0
184.0,0.0,3.0
184.0,0.0,3.0
184.0,0.0,3.0
184.0,0.0,3.0
184.0,0.0,3.0
184.0,0.0,3.0
184.0,0.0,3.0
184.0,0.0,3.0
183.0,0.0,3.0
183.0,0.0,3.0
183.0,0.0,3.0
183.0,0.0,3.0
183.0,0.0,3.0
183.0,0.0,3.0
185.0,0.0,3.0
185.0,0.0,3.0
185.0,0.0,3.0
185.0,0.0,3.0
186.0,0.0,3.0
186.0,0.0,3.0
186.0,0.0,3.0
186.0,0.0,3.0
186.0,0.0,3.0
186.0,0.0,3.0
186.0,0.0,3.0
186.0,0.0,3.0
187.0,0.0,3.0
186.0,0.0,3.0
186.0,0.0,3.0
185.0,0.0,3.0
185.0,0.0,3.0
185.0,0.0,3.0
185.0,0.0,3.0
185.0,0.0,3.0
185.0,0.0,3.0
185.0,0.0,3.0
186.0,0.0,3.0
191.0,0.0,3.0
191.0,0.0,3.0
191.0,0.0,3.0
197.0,0.0,3.0
197.0,0.0,3.0
197.0,0.0,3.0
197.0,0.0,3.0
196.0,0.0,3.0
196.0,0.0,3.0
196.0,0.0,3.0
196.0,0.0,3.0
196.0,0.0,3.0
196.0,0.0,3.0
196.0,0.0,3.0
196.0,0.0,3.0
196.0,0.0,3.0
196.0,0.0,3.0
195.0,0.0,3.0
195.0,0.0,3.0
195.0,0.0,3.0
197.0,0.0,3.0
197.0,0.0,3.0
197.0,0.0,3.0
197.0,0.0,3.0
199.0,0.0,3.0
199.0,0.0,3.0
199.0,0.0,3.0
199.0,0.0,3.0
199.0,0.0,3.0
199.0,0.0,3.0
199.0,0.0,3.0
198.0,0.0,3.0
195.0,0.0,3.0
198.0,0.0,3.0
198.0,0.0,3.0
198.0,0.0,3.0
198.0,0.0,3.0
198.0,0.0,3.0
198.0,0.0,3.0
198.0,0.0,3.0
197.0,0.0,3.0
197.0,0.0,3.0
198.0,0.0,3.0
195.0,0.0,3.0
195.0,0.0,3.0
195.0,0.0,3.0
193.0,0.0,3.0
193.0,0.0,3.0
192.0,0.0,3.0
192.0,0.0,3.0
192.0,0.0,3.0
192.0,0.0,3.0
192.0,0.0,3.0
192.0,0.0,3.0
193.0,0.0,3.0
192.0,0.0,3.0
192.0,0.0,3.0
192.0,0.0,3.0
191.0,0.0,3.0
191.0,0.0,3.0
191.0,0.0,3.0
191.0,0.0,3.0
191.0,0.0,3.0
191.0,0.0,3.0
192.0,0.0,3.0
183.0,0.0,3.0
193.0,0.0,3.0
193.0,0.0,3.0
195.0,0.0,3.0
195.0,0.0,3.0
195.0,0.0,3.0
194.0,0.0,3.0
194.0,0.0,3.0
194.0,0.0,3.0
165.0,0.0,3.0
194.0,0.0,3.0
193.0,0.0,3.0
194.0,0.0,3.0
194.0,0.0,3.0
194.0,0.0,3.0
194.0,0.0,3.0
194.0,0.0,3.0
193.0,0.0,3.0
193.0,0.0,3.0
193.0,0.0,3.0
193.0,0.0,3.0
194.0,0.0,3.0
183.0,0.0,3.0
183.0,0.0,3.0
183.0,0.0,3.0
174.0,0.0,3.0
174.0,0.0,3.0
174.0,0.0,3.0
174.0,0.0,3.0
174.0,0.0,3.0
174.0,0.0,3.0
174.0,0.0,3.0
174.0,0.0,3.0
174.0,0.0,3.0
174.0,0.0,3.0
174.0,0.0,3.0
174.0,0.0,3.0
173.0,0.0,3.0
173.0,0.0,3.0
173.0,0.0,3.0
173.0,0.0,3.0
173.0,0.0,3.0
174.0,0.0,3.0
174.0,0.0,3.0
175.0,0.0,3.0
175.0,0.0,3.0
176.0,0.0,3.0
176.0,0.0,3.0
176.0,0.0,3.0
176.0,0.0,3.0
176.0,0.0,3.0
176.0,0.0,3.0
175.0,0.0,3.0
175.0,0.0,3.0
173.0,0.0,3.0
175.0,0.0,3.0
175.0,0.0,3.0
175.0,0.0,3.0
175.0,0.0,3.0
175.0,0.0,3.0
175.0,0.0,3.0
175.0,0.0,3.0
175.0,0.0,3.0
175.0,0.0,3.0
175.0,0.0,3.0
173.0,0.0,3.0
173.0,0.0,3.0
173.0,0.0,3.0
171.0,0.0,3.0
171.0,0.0,3.0
171.0,0.0,3.0
171.0,0.0,3.0
171.0,0.0,3.0
171.0,0.0,3.0
171.0,0.0,3.0
171.0,0.0,3.0
171.0,0.0,3.0
171.0,0.0,3.0
171.0,0.0,3.0
170.0,0.0,3.0
170.0,0.0,3.0
170.0,0.0,3.0
170.0,0.0,3.0
170.0,0.0,3.0
170.0,0.0,3.0
170.0,0.0,3.0
171.0,0.0,3.0
176.0,0.0,3.0
171.0,0.0,3.0
172.0,0.0,3.0
173.0,0.0,3.0
173.0,0.0,3.0
173.0,0.0,3.0
173.0,0.0,3.0
173.0,0.0,3.0
172.0,0.0,3.0
172.0,0.0,3.0
172.0,0.0,3.0
171.0,0.0,3.0
172.0,0.0,3.0
172.0,0.0,3.0
172.0,0.0,3.0
172.0,0.0,3.0
172.0,0.0,3.0
172.0,0.0,3.0
172.0,0.0,3.0
172.0,0.0,3.0
172.0,0.0,3.0
172.0,0.0,3.0
170.0,0.0,3.0
176.0,0.0,3.0
176.0,0.0,3.0
181.0,0.0,3.0
181.0,0.0,3.0
180.0,0.0,3.0
180.0,0.0,3.0
180.0,0.0,3.0
180.0,0.0,3.0
180.0,0.0,3.0
180.0,0.0,3.0
180.0,0.0,3.0
180.0,0.0,3.0
180.0,0.0,3.0
180.0,0.0,3.0
180.0,0.0,3.0
180.0,0.0,3.0
180.0,0.0,3.0
179.0,0.0,3.0
179.0,0.0,3.0
181.0,0.0,3.0
181.0,0.0,3.0
181.0,0.0,3.0
181.0,0.0,3.0
183.0,0.0,3.0
182.0,0.0,3.0
182.0,0.0,3.0
182.0,0.0,3.0
182.0,0.0,3.0
182.0,0.0,3.0
182.0,0.0,3.0
182.0,0.0,3.0
179.0,0.0,3.0
182.0,0.0,3.0
182.0,0.0,3.0
182.0,0.0,3.0
182.0,0.0,3.0
181.0,0.0,3.0
181.0,0.0,3.0
181.0,0.0,3.0
181.0,0.0,3.0
181.0,0.0,3.0
182.0,0.0,3.0
179.0,0.0,3.0
179.0,0.0,3.0
179.0,0.0,3.0
177.0,0.0,3.0
177.0,0.0,3.0
177.0,0.0,3.0
177.0,0.0,3.0
177.0,0.0,3.0
177.0,0.0,3.0
177.0,0.0,3.0
177.0,0.0,3.0
178.0,0.0,3.0
177.0,0.0,3.0
177.0,0.0,3.0
177.0,0.0,3.0
177.0,0.0,3.0
177.0,0.0,3.0
176.0,0.0,3.0
176.0,0.0,3.0
176.0,0.0,3.0
176.0,0.0,3.0
177.0,0.0,3.0
176.0,0.0,3.0
178.0,0.0,3.0
178.0,0.0,3.0
179.0,0.0,3.0
179.0,0.0,3.0
179.0,0.0,3.0
179.0,0.0,3.0
179.0,0.0,3.0
179.0,0.0,3.0
179.0,0.0,3.0
179.0,0.0,3.0
178.0,0.0,3.0
178.0,0.0,3.0
178.0,0.0,3.0
178.0,0.0,3.0
178.0,0.0,3.0
178.0,0.0,3.0
178.0,0.0,3.0
178.0,0.0,3.0
178.0,0.0,3.0
178.0,0.0,3.0
178.0,0.0,3.0
165.0,0.0,3.0
136.0,0.0,3.0
165.0,0.0,3.0
123.0,0.0,3.0
124.0,0.0,3.0
124.0,0.0,3.0
124.0,0.0,3.0
124.0,0.0,3.0
124.0,0.0,3.0
124.0,0.0,3.0
124.0,0.0,3.0
124.0,0.0,3.0
124.0,0.0,3.0
124.0,0.0,3.0
124.0,0.0,3.0
124.0,0.0,3.0
124.0,0.0,3.0
124.0,0.0,3.0
123.0,0.0,3.0
124.0,0.0,3.0
123.0,0.0,3.0
123.0,0.0,3.0
123.0,0.0,3.0
123.0,0.0,3.0
123.0,0.0,3.0
123.0,0.0,3.0
123.0,0.0,3.0
123.0,0.0,3.0
123.0,0.0,3.0
123.0,0.0,3.0
123.0,0.0,3.0
123.0,0.0,3.0
123.0,0.0,3.0
123.0,0.0,3.0
123.0,0.0,3.0
123.0,0.0,3.0
123.0,0.0,3.0
123.0,0.0,3.0
123.0,0.0,3.0
124.0,0.0,3.0
124.0,0.0,3.0
125.0,0.0,3.0
125.0,0.0,3.0
125.0,0.0,3.0
125.0,0.0,3.0
125.0,0.0,3.0
125.0,0.0,3.0
126.0,0.0,3.0
126.0,0.0,3.0
126.0,0.0,3.0
126.0,0.0,3.0
126.0,0.0,3.0
126.0,0.0,3.0
126.0,0.0,3.0
126.0,0.0,3.0
126.0,0.0,3.0
125.0,0.0,3.0
124.0,0.0,3.0
125.0,0.0,3.0
125.0,0.0,3.0
124.0,0.0,3.0
124.0,0.0,3.0
124.0,0.0,3.0
124.0,0.0,3.0
125.0,0.0,3.0
125.0,0.0,3.0
125.0,0.0,3.0
125.0,0.0,3.0
125.0,0.0,3.0
125.0,0.0,3.0
125.0,0.0,3.0
125.0,0.0,3.0
125.0,0.0,3.0
125.0,0.0,3.0
125.0,0.0,3.0
125.0,0.0,3.0
123.0,0.0,3.0
122.0,0.0,3.0
122.0,0.0,3.0
120.0,0.0,3.0
120.0,0.0,3.0
120.0,0.0,3.0
120.0,0.0,3.0
120.0,0.0,3.0
120.0,0.0,3.0
120.0,0.0,3.0
120.0,0.0,3.0
120.0,0.0,3.0
120.0,0.0,3.0
120.0,0.0,3.0
120.0,0.0,3.0
121.0,0.0,3.0
121.0,0.0,3.0
121.0,0.0,3.0
120.0,0.0,3.0
121.0,0.0,3.0
120.0,0.0,3.0
120.0,0.0,3.0
119.0,0.0,3.0
119.0,0.0,3.0
119.0,0.0,3.0
119.0,0.0,3.0
119.0,0.0,3.0
119.0,0.0,3.0
119.0,0.0,3.0
119.0,0.0,3.0
119.0,0.0,3.0
119.0,0.0,3.0
120.0,0.0,3.0
120.0,0.0,3.0
120.0,0.0,3.0
120.0,0.0,3.0
120.0,0.0,3.0
120.0,0.0,3.0
121.0,0.0,3.0
121.0,0.0,3.0
121.0,0.0,3.0
122.0,0.0,3.0
122.0,0.0,3.0
122.0,0.0,3.0
122.0,0.0,3.0
122.0,0.0,3.0
122.0,0.0,3.0
122.0,0.0,3.0
122.0,0.0,3.0
122.0,0.0,3.0
122.0,0.0,3.0
122.0,0.0,3.0
122.0,0.0,3.0
122.0,0.0,3.0
122.0,0.0,3.0
122.0,0.0,3.0
122.0,0.0,3.0
122.0,0.0,3.0
122.0,0.0,3.0
122.0,0.0,3.0
121.0,0.0,3.0
121.0,0.0,3.0
121.0,0.0,3.0
121.0,0.0,3.0
121.0,0.0,3.0
121.0,0.0,3.0
121.0,0.0,3.0
126.0,0.0,3.0
121.0,0.0,3.0
121.0,0.0,3.0
121.0,0.0,3.0
121.0,0.0,3.0
121.0,0.0,3.0
121.0,0.0,3.0
121.0,0.0,3.0
122.0,0.0,3.0
121.0,0.0,3.0
126.0,0.0,3.0
126.0,0.0,3.0
126.0,0.0,3.0
130.0,0.0,3.0
131.0,0.0,3.0
131.0,0.0,3.0
131.0,0.0,3.0
131.0,0.0,3.0
131.0,0.0,3.0
131.0,0.0,3.0
131.0,0.0,3.0
131.0,0.0,3.0
131.0,0.0,3.0
131.0,0.0,3.0
131.0,0.0,3.0
131.0,0.0,3.0
131.0,0.0,3.0
131.0,0.0,3.0
130.0,0.0,3.0
131.0,0.0,3.0
130.0,0.0,3.0
130.0,0.0,3.0
130.0,0.0,3.0
130.0,0.0,3.0
130.0,0.0,3.0
130.0,0.0,3.0
130.0,0.0,3.0
130.0,0.0,3.0
130.0,0.0,3.0
130.0,0.0,3.0
130.0,0.0,3.0
130.0,0.0,3.0
130.0,0.0,3.0
130.0,0.0,3.0
130.0,0.0,3.0
130.0,0.0,3.0
130.0,0.0,3.0
130.0,0.0,3.0
131.0,0.0,3.0
131.0,0.0,3.0
131.0,0.0,3.0
132.0,0.0,3.0
132.0,0.0,3.0
132.0,0.0,3.0
132.0,0.0,3.0
132.0,0.0,3.0
132.0,0.0,3.0
132.0,0.0,3.0
133.0,0.0,3.0
133.0,0.0,3.0
133.0,0.0,3.0
133.0,0.0,3.0
133.0,0.0,3.0
133.0,0.0,3.0
133.0,0.0,3.0
133.0,0.0,3.0
132.0,0.0,3.0
132.0,0.0,3.0
132.0,0.0,3.0
132.0,0.0,3.0
131.0,0.0,3.0
131.0,0.0,3.0
131.0,0.0,3.0
131.0,0.0,3.0
131.0,0.0,3.0
132.0,0.0,3.0
132.0,0.0,3.0
130.0,0.0,3.0
132.0,0.0,3.0
132.0,0.0,3.0
132.0,0.0,3.0
132.0,0.0,3.0
132.0,0.0,3.0
132.0,0.0,3.0
132.0,0.0,3.0
132.0,0.0,3.0
132.0,0.0,3.0
119.0,0.0,3.0
130.0,0.0,3.0
129.0,0.0,3.0
127.0,0.0,3.0
127.0,0.0,3.0
127.0,0.0,3.0
127.0,0.0,3.0
127.0,0.0,3.0
127.0,0.0,3.0
127.0,0.0,3.0
127.0,0.0,3.0
127.0,0.0,3.0
127.0,0.0,3.0
127.0,0.0,3.0
128.0,0.0,3.0
128.0,0.0,3.0
128.0,0.0,3.0
128.0,0.0,3.0
127.0,0.0,3.0
128.0,0.0,3.0
127.0,0.0,3.0
127.0,0.0,3.0
126.0,0.0,3.0
126.0,0.0,3.0
126.0,0.0,3.0
126.0,0.0,3.0
126.0,0.0,3.0
126.0,0.0,3.0
126.0,0.0,3.0
126.0,0.0,3.0
127.0,0.0,3.0
127.0,0.0,3.0
127.0,0.0,3.0
127.0,0.0,3.0
127.0,0.0,3.0
127.0,0.0,3.0
127.0,0.0,3.0
127.0,0.0,3.0
128.0,0.0,3.0
128.0,0.0,3.0
128.0,0.0,3.0
129.0,0.0,3.0
129.0,0.0,3.0
129.0,0.0,3.0
129.0,0.0,3.0
129.0,0.0,3.0
129.0,0.0,3.0
129.0,0.0,3.0
129.0,0.0,3.0
129.0,0.0,3.0
129.0,0.0,3.0
129.0,0.0,3.0
129.0,0.0,3.0
129.0,0.0,3.0
129.0,0.0,3.0
129.0,0.0,3.0
129.0,0.0,3.0
129.0,0.0,3.0
129.0,0.0,3.0
129.0,0.0,3.0
128.0,0.0,3.0
128.0,0.0,3.0
128.0,0.0,3.0
128.0,0.0,3.0
128.0,0.0,3.0
128.0,0.0,3.0
128.0,0.0,3.0
130.0,0.0,3.0
128.0,0.0,3.0
128.0,0.0,3.0
128.0,0.0,3.0
128.0,0.0,3.0
128.0,0.0,3.0
128.0,0.0,3.0
129.0,0.0,3.0
129.0,0.0,3.0
128.0,0.0,3.0
119.0,0.0,3.0
119.0,0.0,3.0
119.0,0.0,3.0
105.0,0.0,3.0
105.0,0.0,3.0
105.0,0.0,3.0
105.0,0.0,3.0
105.0,0.0,3.0
106.0,0.0,3.0
106.0,0.0,3.0
106.0,0.0,3.0
106.0,0.0,3.0
106.0,0.0,3.0
106.0,0.0,3.0
106.0,0.0,3.0
106.0,0.0,3.0
106.0,0.0,3.0
106.0,0.0,3.0
105.0,0.0,3.0
106.0,0.0,3.0
105.0,0.0,3.0
105.0,0.0,3.0
103.0,0.0,3.0
103.0,0.0,3.0
103.0,0.0,3.0
103.0,0.0,3.0
104.0,0.0,3.0
104.0,0.0,3.0
104.0,0.0,3.0
104.0,0.0,3.0
104.0,0.0,3.0
104.0,0.0,3.0
104.0,0.0,3.0
104.0,0.0,3.0
104.0,0.0,3.0
104.0,0.0,3.0
105.0,0.0,3.0
105.0,0.0,3.0
107.0,0.0,3.0
107.0,0.0,3.0
107.0,0.0,3.0
109.0,0.0,3.0
109.0,0.0,3.0
109.0,0.0,3.0
109.0,0.0,3.0
109.0,0.0,3.0
109.0,0.0,3.0
109.0,0.0,3.0
109.0,0.0,3.0
109.0,0.0,3.0
109.0,0.0,3.0
109.0,0.0,3.0
109.0,0.0,3.0
109.0,0.0,3.0
110.0,0.0,3.0
110.0,0.0,3.0
108.0,0.0,3.0
108.0,0.0,3.0
108.0,0.0,3.0
108.0,0.0,3.0
107.0,0.0,3.0
107.0,0.0,3.0
107.0,0.0,3.0
107.0,0.0,3.0
107.0,0.0,3.0
107.0,0.0,3.0
107.0,0.0,3.0
103.0,0.0,3.0
107.0,0.0,3.0
108.0,0.0,3.0
108.0,0.0,3.0
108.0,0.0,3.0
108.0,0.0,3.0
108.0,0.0,3.0
108.0,0.0,3.0
108.0,0.0,3.0
108.0,0.0,3.0
110.0,0.0,3.0
103.0,0.0,3.0
103.0,0.0,3.0
95.0,0.0,3.0
95.0,0.0,3.0
96.0,0.0,3.0
96.0,0.0,3.0
96.0,0.0,3.0
96.0,0.0,3.0
96.0,0.0,3.0
96.0,0.0,3.0
97.0,0.0,3.0
97.0,0.0,3.0
97.0,0.0,3.0
97.0,0.0,3.0
97.0,0.0,3.0
97.0,0.0,3.0
98.0,0.0,3.0
95.0,0.0,3.0
98.0,0.0,3.0
95.0,0.0,3.0
94.0,0.0,3.0
88.0,0.0,3.0
89.0,0.0,3.0
89.0,0.0,3.0
90.0,0.0,3.0
90.0,0.0,3.0
91.0,0.0,3.0
91.0,0.0,3.0
92.0,0.0,3.0
92.0,0.0,3.0
92.0,0.0,3.0
93.0,0.0,3.0
93.0,0.0,3.0
93.0,0.0,3.0
94.0,0.0,3.0
94.0,0.0,3.0
95.0,0.0,3.0
98.0,0.0,3.0
98.0,0.0,3.0
98.0,0.0,3.0
101.0,0.0,3.0
101.0,0.0,3.0
101.0,0.0,3.0
101.0,0.0,3.0
102.0,0.0,3.0
102.0,0.0,3.0
102.0,0.0,3.0
102.0,0.0,3.0
102.0,0.0,3.0
102.0,0.0,3.0
102.0,0.0,3.0
102.0,0.0,3.0
102.0,0.0,3.0
103.0,0.0,3.0
103.0,0.0,3.0
101.0,0.0,3.0
101.0,0.0,3.0
101.0,0.0,3.0
101.0,0.0,3.0
98.0,0.0,3.0
99.0,0.0,3.0
99.0,0.0,3.0
99.0,0.0,3.0
99.0,0.0,3.0
99.0,0.0,3.0
99.0,0.0,3.0
103.0,0.0,3.0
99.0,0.0,3.0
100.0,0.0,3.0
100.0,0.0,3.0
100.0,0.0,3.0
100.0,0.0,3.0
100.0,0.0,3.0
100.0,0.0,3.0
101.0,0.0,3.0
100.0,0.0,3.0
133.0,0.0,3.0
110.0,0.0,3.0
110.0,0.0,3.0
116.0,0.0,3.0
116.0,0.0,3.0
116.0,0.0,3.0
116.0,0.0,3.0
116.0,0.0,3.0
116.0,0.0,3.0
116.0,0.0,3.0
116.0,0.0,3.0
116.0,0.0,3.0
116.0,0.0,3.0
117.0,0.0,3.0
117.0,0.0,3.0
117.0,0.0,3.0
117.0,0.0,3.0
117.0,0.0,3.0
116.0,0.0,3.0
117.0,0.0,3.0
116.0,0.0,3.0
116.0,0.0,3.0
115.0,0.0,3.0
115.0,0.0,3.0
115.0,0.0,3.0
115.0,0.0,3.0
115.0,0.0,3.0
115.0,0.0,3.0
115.0,0.0,3.0
115.0,0.0,3.0
115.0,0.0,3.0
115.0,0.0,3.0
115.0,0.0,3.0
116.0,0.0,3.0
116.0,0.0,3.0
116.0,0.0,3.0
116.0,0.0,3.0
116.0,0.0,3.0
117.0,0.0,3.0
117.0,0.0,3.0
117.0,0.0,3.0
118.0,0.0,3.0
118.0,0.0,3.0
118.0,0.0,3.0
118.0,0.0,3.0
118.0,0.0,3.0
118.0,0.0,3.0
118.0,0.0,3.0
118.0,0.0,3.0
118.0,0.0,3.0
119.0,0.0,3.0
119.0,0.0,3.0
119.0,0.0,3.0
119.0,0.0,3.0
119.0,0.0,3.0
119.0,0.0,3.0
118.0,0.0,3.0
118.0,0.0,3.0
118.0,0.0,3.0
118.0,0.0,3.0
117.0,0.0,3.0
117.0,0.0,3.0
117.0,0.0,3.0
117.0,0.0,3.0
117.0,0.0,3.0
117.0,0.0,3.0
117.0,0.0,3.0
115.0,0.0,3.0
117.0,0.0,3.0
117.0,0.0,3.0
118.0,0.0,3.0
118.0,0.0,3.0
118.0,0.0,3.0
118.0,0.0,3.0
118.0,0.0,3.0
118.0,0.0,3.0
117.0,0.0,3.0
110.0,0.0,3.0
115.0,0.0,3.0
115.0,0.0,3.0
111.0,0.0,3.0
111.0,0.0,3.0
111.0,0.0,3.0
111.0,0.0,3.0
112.0,0.0,3.0
112.0,0.0,3.0
112.0,0.0,3.0
112.0,0.0,3.0
112.0,0.0,3.0
112.0,0.0,3.0
112.0,0.0,3.0
112.0,0.0,3.0
112.0,0.0,3.0
112.0,0.0,3.0
112.0,0.0,3.0
111.0,0.0,3.0
112.0,0.0,3.0
111.0,0.0,3.0
111.0,0.0,3.0
110.0,0.0,3.0
110.0,0.0,3.0
110.0,0.0,3.0
110.0,0.0,3.0
110.0,0.0,3.0
110.0,0.0,3.0
110.0,0.0,3.0
110.0,0.0,3.0
111.0,0.0,3.0
111.0,0.0,3.0
111.0,0.0,3.0
111.0,0.0,3.0
111.0,0.0,3.0
111.0,0.0,3.0
111.0,0.0,3.0
111.0,0.0,3.0
112.0,0.0,3.0
112.0,0.0,3.0
112.0,0.0,3.0
114.0,0.0,3.0
114.0,0.0,3.0
114.0,0.0,3.0
114.0,0.0,3.0
114.0,0.0,3.0
114.0,0.0,3.0
114.0,0.0,3.0
114.0,0.0,3.0
114.0,0.0,3.0
114.0,0.0,3.0
114.0,0.0,3.0
114.0,0.0,3.0
114.0,0.0,3.0
115.0,0.0,3.0
115.0,0.0,3.0
114.0,0.0,3.0
114.0,0.0,3.0
114.0,0.0,3.0
114.0,0.0,3.0
113.0,0.0,3.0
113.0,0.0,3.0
113.0,0.0,3.0
113.0,0.0,3.0
113.0,0.0,3.0
113.0,0.0,3.0
113.0,0.0,3.0
115.0,0.0,3.0
113.0,0.0,3.0
113.0,0.0,3.0
113.0,0.0,3.0
113.0,0.0,3.0
113.0,0.0,3.0
113.0,0.0,3.0
113.0,0.0,3.0
113.0,0.0,3.0
113.0,0.0,3.0
133.0,0.0,3.0
133.0,0.0,3.0
133.0,0.0,3.0
153.0,0.0,3.0
153.0,0.0,3.0
153.0,0.0,3.0
153.0,0.0,3.0
153.0,0.0,3.0
154.0,0.0,3.0
154.0,0.0,3.0
154.0,0.0,3.0
154.0,0.0,3.0
154.0,0.0,3.0
154.0,0.0,3.0
154.0,0.0,3.0
154.0,0.0,3.0
154.0,0.0,3.0
154.0,0.0,3.0
153.0,0.0,3.0
154.0,0.0,3.0
153.0,0.0,3.0
153.0,0.0,3.0
152.0,0.0,3.0
152.0,0.0,3.0
152.0,0.0,3.0
152.0,0.0,3.0
152.0,0.0,3.0
152.0,0.0,3.0
153.0,0.0,3.0
153.0,0.0,3.0
153.0,0.0,3.0
153.0,0.0,3.0
153.0,0.0,3.0
153.0,0.0,3.0
153.0,0.0,3.0
153.0,0.0,3.0
153.0,0.0,3.0
153.0,0.0,3.0
154.0,0.0,3.0
154.0,0.0,3.0
154.0,0.0,3.0
155.0,0.0,3.0
155.0,0.0,3.0
156.0,0.0,3.0
156.0,0.0,3.0
156.0,0.0,3.0
156.0,0.0,3.0
156.0,0.0,3.0
156.0,0.0,3.0
156.0,0.0,3.0
156.0,0.0,3.0
156.0,0.0,3.0
156.0,0.0,3.0
156.0,0.0,3.0
156.0,0.0,3.0
156.0,0.0,3.0
155.0,0.0,3.0
155.0,0.0,3.0
155.0,0.0,3.0
155.0,0.0,3.0
154.0,0.0,3.0
154.0,0.0,3.0
154.0,0.0,3.0
154.0,0.0,3.0
155.0,0.0,3.0
155.0,0.0,3.0
155.0,0.0,3.0
152.0,0.0,3.0
155.0,0.0,3.0
155.0,0.0,3.0
155.0,0.0,3.0
155.0,0.0,3.0
155.0,0.0,3.0
155.0,0.0,3.0
155.0,0.0,3.0
155.0,0.0,3.0
155.0,0.0,3.0
156.0,0.0,3.0
152.0,0.0,3.0
152.0,0.0,3.0
149.0,0.0,3.0
149.0,0.0,3.0
149.0,0.0,3.0
149.0,0.0,3.0
149.0,0.0,3.0
149.0,0.0,3.0
149.0,0.0,3.0
149.0,0.0,3.0
150.0,0.0,3.0
150.0,0.0,3.0
150.0,0.0,3.0
150.0,0.0,3.0
150.0,0.0,3.0
150.0,0.0,3.0
150.0,0.0,3.0
149.0,0.0,3.0
150.0,0.0,3.0
149.0,0.0,3.0
149.0,0.0,3.0
148.0,0.0,3.0
148.0,0.0,3.0
148.0,0.0,3.0
148.0,0.0,3.0
148.0,0.0,3.0
148.0,0.0,3.0
148.0,0.0,3.0
148.0,0.0,3.0
149.0,0.0,3.0
149.0,0.0,3.0
149.0,0.0,3.0
149.0,0.0,3.0
149.0,0.0,3.0
149.0,0.0,3.0
149.0,0.0,3.0
149.0,0.0,3.0
150.0,0.0,3.0
150.0,0.0,3.0
150.0,0.0,3.0
151.0,0.0,3.0
151.0,0.0,3.0
151.0,0.0,3.0
151.0,0.0,3.0
151.0,0.0,3.0
151.0,0.0,3.0
151.0,0.0,3.0
152.0,0.0,3.0
152.0,0.0,3.0
152.0,0.0,3.0
152.0,0.0,3.0
152.0,0.0,3.0
152.0,0.0,3.0
152.0,0.0,3.0
152.0,0.0,3.0
151.0,0.0,3.0
151.0,0.0,3.0
151.0,0.0,3.0
151.0,0.0,3.0
150.0,0.0,3.0
150.0,0.0,3.0
150.0,0.0,3.0
150.0,0.0,3.0
150.0,0.0,3.0
150.0,0.0,3.0
150.0,0.0,3.0
152.0,0.0,3.0
150.0,0.0,3.0
151.0,0.0,3.0
151.0,0.0,3.0
151.0,0.0,3.0
151.0,0.0,3.0
151.0,0.0,3.0
151.0,0.0,3.0
151.0,0.0,3.0
151.0,0.0,3.0
148.0,0.0,3.0
156.0,0.0,3.0
156.0,0.0,3.0
162.0,0.0,3.0
162.0,0.0,3.0
162.0,0.0,3.0
162.0,0.0,3.0
162.0,0.0,3.0
162.0,0.0,3.0
162.0,0.0,3.0
162.0,0.0,3.0
162.0,0.0,3.0
162.0,0.0,3.0
162.0,0.0,3.0
162.0,0.0,3.0
163.0,0.0,3.0
163.0,0.0,3.0
163.0,0.0,3.0
162.0,0.0,3.0
163.0,0.0,3.0
162.0,0.0,3.0
162.0,0.0,3.0
161.0,0.0,3.0
161.0,0.0,3.0
161.0,0.0,3.0
161.0,0.0,3.0
161.0,0.0,3.0
161.0,0.0,3.0
161.0,0.0,3.0
161.0,0.0,3.0
161.0,0.0,3.0
161.0,0.0,3.0
161.0,0.0,3.0
161.0,0.0,3.0
161.0,0.0,3.0
161.0,0.0,3.0
162.0,0.0,3.0
162.0,0.0,3.0
163.0,0.0,3.0
163.0,0.0,3.0
163.0,0.0,3.0
164.0,0.0,3.0
164.0,0.0,3.0
164.0,0.0,3.0
164.0,0.0,3.0
164.0,0.0,3.0
164.0,0.0,3.0
164.0,0.0,3.0
165.0,0.0,3.0
165.0,0.0,3.0
165.0,0.0,3.0
165.0,0.0,3.0
165.0,0.0,3.0
165.0,0.0,3.0
165.0,0.0,3.0
165.0,0.0,3.0
164.0,0.0,3.0
164.0,0.0,3.0
164.0,0.0,3.0
164.0,0.0,3.0
163.0,0.0,3.0
163.0,0.0,3.0
163.0,0.0,3.0
163.0,0.0,3.0
163.0,0.0,3.0
163.0,0.0,3.0
163.0,0.0,3.0
161.0,0.0,3.0
163.0,0.0,3.0
163.0,0.0,3.0
164.0,0.0,3.0
164.0,0.0,3.0
164.0,0.0,3.0
164.0,0.0,3.0
164.0,0.0,3.0
164.0,0.0,3.0
163.0,0.0,3.0
156.0,0.0,3.0
161.0,0.0,3.0
161.0,0.0,3.0
158.0,0.0,3.0
158.0,0.0,3.0
158.0,0.0,3.0
158.0,0.0,3.0
158.0,0.0,3.0
158.0,0.0,3.0
158.0,0.0,3.0
158.0,0.0,3.0
158.0,0.0,3.0
158.0,0.0,3.0
158.0,0.0,3.0
158.0,0.0,3.0
158.0,0.0,3.0
158.0,0.0,3.0
158.0,0.0,3.0
157.0,0.0,3.0
158.0,0.0,3.0
157.0,0.0,3.0
157.0,0.0,3.0
156.0,0.0,3.0
157.0,0.0,3.0
157.0,0.0,3.0
157.0,0.0,3.0
157.0,0.0,3.0
157.0,0.0,3.0
157.0,0.0,3.0
157.0,0.0,3.0
157.0,0.0,3.0
157.0,0.0,3.0
157.0,0.0,3.0
157.0,0.0,3.0
157.0,0.0,3.0
157.0,0.0,3.0
157.0,0.0,3.0
157.0,0.0,3.0
158.0,0.0,3.0
158.0,0.0,3.0
159.0,0.0,3.0
160.0,0.0,3.0
160.0,0.0,3.0
160.0,0.0,3.0
160.0,0.0,3.0
160.0,0.0,3.0
160.0,0.0,3.0
160.0,0.0,3.0
160.0,0.0,3.0
160.0,0.0,3.0
160.0,0.0,3.0
160.0,0.0,3.0
160.0,0.0,3.0
160.0,0.0,3.0
160.0,0.0,3.0
160.0,0.0,3.0
160.0,0.0,3.0
160.0,0.0,3.0
160.0,0.0,3.0
159.0,0.0,3.0
159.0,0.0,3.0
159.0,0.0,3.0
159.0,0.0,3.0
159.0,0.0,3.0
159.0,0.0,3.0
159.0,0.0,3.0
159.0,0.0,3.0
161.0,0.0,3.0
159.0,0.0,3.0
159.0,0.0,3.0
159.0,0.0,3.0
159.0,0.0,3.0
159.0,0.0,3.0
159.0,0.0,3.0
159.0,0.0,3.0
159.0,0.0,3.0
159.0,0.0,3.0
165.0,0.0,3.0
148.0,0.0,3.0
148.0,0.0,3.0
138.0,0.0,3.0
138.0,0.0,3.0
138.0,0.0,3.0
138.0,0.0,3.0
138.0,0.0,3.0
138.0,0.0,3.0
138.0,0.0,3.0
138.0,0.0,3.0
138.0,0.0,3.0
138.0,0.0,3.0
138.0,0.0,3.0
138.0,0.0,3.0
138.0,0.0,3.0
138.0,0.0,3.0
138.0,0.0,3.0
138.0,0.0,3.0
138.0,0.0,3.0
138.0,0.0,3.0
137.0,0.0,3.0
137.0,0.0,3.0
137.0,0.0,3.0
137.0,0.0,3.0
137.0,0.0,3.0
137.0,0.0,3.0
137.0,0.0,3.0
137.0,0.0,3.0
137.0,0.0,3.0
137.0,0.0,3.0
137.0,0.0,3.0
137.0,0.0,3.0
137.0,0.0,3.0
137.0,0.0,3.0
137.0,0.0,3.0
137.0,0.0,3.0
138.0,0.0,3.0
138.0,0.0,3.0
138.0,0.0,3.0
139.0,0.0,3.0
140.0,0.0,3.0
140.0,0.0,3.0
140.0,0.0,3.0
140.0,0.0,3.0
140.0,0.0,3.0
140.0,0.0,3.0
140.0,0.0,3.0
140.0,0.0,3.0
140.0,0.0,3.0
140.0,0.0,3.0
140.0,0.0,3.0
140.0,0.0,3.0
140.0,0.0,3.0
140.0,0.0,3.0
140.0,0.0,3.0
139.0,0.0,3.0
139.0,0.0,3.0
139.0,0.0,3.0
139.0,0.0,3.0
139.0,0.0,3.0
139.0,0.0,3.0
139.0,0.0,3.0
139.0,0.0,3.0
139.0,0.0,3.0
139.0,0.0,3.0
139.0,0.0,3.0
137.0,0.0,3.0
139.0,0.0,3.0
139.0,0.0,3.0
139.0,0.0,3.0
139.0,0.0,3.0
139.0,0.0,3.0
139.0,0.0,3.0
139.0,0.0,3.0
139.0,0.0,3.0
139.0,0.0,3.0
140.0,0.0,3.0
137.0,0.0,3.0
137.0,0.0,3.0
134.0,0.0,3.0
134.0,0.0,3.0
134.0,0.0,3.0
134.0,0.0,3.0
134.0,0.0,3.0
134.0,0.0,3.0
134.0,0.0,3.0
134.0,0.0,3.0
134.0,0.0,3.0
134.0,0.0,3.0
134.0,0.0,3.0
135.0,0.0,3.0
135.0,0.0,3.0
135.0,0.0,3.0
135.0,0.0,3.0
134.0,0.0,3.0
135.0,0.0,3.0
134.0,0.0,3.0
134.0,0.0,3.0
133.0,0.0,3.0
133.0,0.0,3.0
133.0,0.0,3.0
133.0,0.0,3.0
133.0,0.0,3.0
133.0,0.0,3.0
133.0,0.0,3.0
133.0,0.0,3.0
133.0,0.0,3.0
134.0,0.0,3.0
134.0,0.0,3.0
134.0,0.0,3.0
134.0,0.0,3.0
134.0,0.0,3.0
134.0,0.0,3.0
134.0,0.0,3.0
135.0,0.0,3.0
135.0,0.0,3.0
135.0,0.0,3.0
136.0,0.0,3.0
136.0,0.0,3.0
136.0,0.0,3.0
136.0,0.0,3.0
136.0,0.0,3.0
136.0,0.0,3.0
199.0,0.0,3.0
136.0,0.0,3.0
136.0,0.0,3.0
136.0,0.0,3.0
136.0,0.0,3.0
136.0,0.0,3.0
136.0,0.0,3.0
136.0,0.0,3.0
137.0,0.0,3.0
136.0,0.0,3.0
136.0,0.0,3.0
136.0,0.0,3.0
136.0,0.0,3.0
135.0,0.0,3.0
135.0,0.0,3.0
135.0,0.0,3.0
135.0,0.0,3.0
135.0,0.0,3.0
135.0,0.0,3.0
135.0,0.0,3.0
137.0,0.0,3.0
135.0,0.0,3.0
135.0,0.0,3.0
135.0,0.0,3.0
135.0,0.0,3.0
135.0,0.0,3.0
136.0,0.0,3.0
136.0,0.0,3.0
136.0,0.0,3.0
135.0,0.0,3.0
148.0,0.0,3.0
140.0,0.0,3.0
140.0,0.0,3.0
145.0,0.0,3.0
145.0,0.0,3.0
145.0,0.0,3.0
145.0,0.0,3.0
145.0,0.0,3.0
145.0,0.0,3.0
145.0,0.0,3.0
145.0,0.0,3.0
145.0,0.0,3.0
146.0,0.0,3.0
146.0,0.0,3.0
146.0,0.0,3.0
146.0,0.0,3.0
146.0,0.0,3.0
146.0,0.0,3.0
145.0,0.0,3.0
146.0,0.0,3.0
145.0,0.0,3.0
145.0,0.0,3.0
144.0,0.0,3.0
144.0,0.0,3.0
144.0,0.0,3.0
144.0,0.0,3.0
144.0,0.0,3.0
144.0,0.0,3.0
144.0,0.0,3.0
144.0,0.0,3.0
145.0,0.0,3.0
145.0,0.0,3.0
145.0,0.0,3.0
145.0,0.0,3.0
145.0,0.0,3.0
145.0,0.0,3.0
145.0,0.0,3.0
145.0,0.0,3.0
146.0,0.0,3.0
146.0,0.0,3.0
146.0,0.0,3.0
147.0,0.0,3.0
147.0,0.0,3.0
147.0,0.0,3.0
147.0,0.0,3.0
147.0,0.0,3.0
147.0,0.0,3.0
147.0,0.0,3.0
147.0,0.0,3.0
148.0,0.0,3.0
148.0,0.0,3.0
148.0,0.0,3.0
148.0,0.0,3.0
148.0,0.0,3.0
148.0,0.0,3.0
148.0,0.0,3.0
147.0,0.0,3.0
147.0,0.0,3.0
147.0,0.0,3.0
147.0,0.0,3.0
146.0,0.0,3.0
146.0,0.0,3.0
146.0,0.0,3.0
146.0,0.0,3.0
146.0,0.0,3.0
146.0,0.0,3.0
146.0,0.0,3.0
144.0,0.0,3.0
146.0,0.0,3.0
147.0,0.0,3.0
147.0,0.0,3.0
147.0,0.0,3.0
147.0,0.0,3.0
147.0,0.0,3.0
147.0,0.0,3.0
147.0,0.0,3.0
146.0,0.0,3.0
140.0,0.0,3.0
144.0,0.0,3.0
144.0,0.0,3.0
141.0,0.0,3.0
141.0,0.0,3.0
141.0,0.0,3.0
141.0,0.0,3.0
142.0,0.0,3.0
142.0,0.0,3.0
142.0,0.0,3.0
142.0,0.0,3.0
142.0,0.0,3.0
142.0,0.0,3.0
142.0,0.0,3.0
142.0,0.0,3.0
142.0,0.0,3.0
142.0,0.0,3.0
142.0,0.0,3.0
141.0,0.0,3.0
142.0,0.0,3.0
141.0,0.0,3.0
141.0,0.0,3.0
140.0,0.0,3.0
140.0,0.0,3.0
141.0,0.0,3.0
141.0,0.0,3.0
141.0,0.0,3.0
141.0,0.0,3.0
141.0,0.0,3.0
141.0,0.0,3.0
141.0,0.0,3.0
141.0,0.0,3.0
141.0,0.0,3.0
141.0,0.0,3.0
141.0,0.0,3.0
141.0,0.0,3.0
141.0,0.0,3.0
141.0,0.0,3.0
142.0,0.0,3.0
142.0,0.0,3.0
142.0,0.0,3.0
143.0,0.0,3.0
143.0,0.0,3.0
143.0,0.0,3.0
143.0,0.0,3.0
143.0,0.0,3.0
143.0,0.0,3.0
143.0,0.0,3.0
144.0,0.0,3.0
144.0,0.0,3.0
144.0,0.0,3.0
144.0,0.0,3.0
144.0,0.0,3.0
144.0,0.0,3.0
144.0,0.0,3.0
144.0,0.0,3.0
143.0,0.0,3.0
143.0,0.0,3.0
143.0,0.0,3.0
143.0,0.0,3.0
142.0,0.0,3.0
142.0,0.0,3.0
142.0,0.0,3.0
142.0,0.0,3.0
142.0,0.0,3.0
142.0,0.0,3.0
143.0,0.0,3.0
144.0,0.0,3.0
143.0,0.0,3.0
143.0,0.0,3.0
143.0,0.0,3.0
143.0,0.0,3.0
143.0,0.0,3.0
143.0,0.0,3.0
143.0,0.0,3.0
143.0,0.0,3.0
143.0,0.0,3.0
199.0,0.0,3.0
